,num,name,sr,hr,lr,bic
0,0,622194_1368808_2017-07-14_102d_BGRN_Analytic_s0283,180398,180342,11302,180913
1,1,498793_1166117_2017-05-11_0e14_BGRN_Analytic_s0120,119301,117561,7469,119961
2,2,682467_1368610_2017-08-11_102d_BGRN_Analytic_s0041,0,0,0,0
3,3,622194_1368808_2017-07-14_102d_BGRN_Analytic_s0152,139720,139683,8738,140006
4,4,585726_1269313_2017-06-28_1010_BGRN_Analytic_s0948,208267,208522,13062,209070
5,5,661490_1269014_2017-08-01_1024_BGRN_Analytic_s0551,169688,169472,10605,169768
6,6,660535_1066622_2017-08-01_1041_BGRN_Analytic_s0728,131930,133638,8419,135094
7,7,585726_1269313_2017-06-28_1010_BGRN_Analytic_s0639,177903,178447,11181,178788
8,8,663913_1269014_2017-08-02_1042_BGRN_Analytic_s0707,151748,152240,9550,152944
9,9,514940_1168617_2017-05-22_102d_BGRN_Analytic_s0394,0,0,0,0
10,10,585726_1269313_2017-06-28_1010_BGRN_Analytic_s0499,192812,194628,12240,196286
11,11,624964_1066622_2017-07-15_0f28_BGRN_Analytic_s0668,20358,20094,1210,19101
12,12,498793_1166117_2017-05-11_0e14_BGRN_Analytic_s0237,60181,58220,3686,58944
13,13,585726_1269313_2017-06-28_1010_BGRN_Analytic_s0037,164111,164546,10299,164665
14,14,622194_1368808_2017-07-14_102d_BGRN_Analytic_s0832,145102,145321,9155,146473
15,15,581200_1368610_2017-06-26_1030_BGRN_Analytic_s0394,133999,134462,8534,136363
16,16,570602_1166117_2017-06-22_1013_BGRN_Analytic_s0055,196674,196987,12393,198509
17,17,622194_1368808_2017-07-14_102d_BGRN_Analytic_s0933,170457,170565,10704,171404
18,18,613323_1268017_2017-07-10_103e_BGRN_Analytic_s0366,3870,3888,214,3358
19,19,684055_1269313_2017-08-12_0f43_BGRN_Analytic_s0324,16713,17564,882,13512
20,20,716222_1368610_2017-08-27_0e0f_BGRN_Analytic_s0554,0,0,0,0
21,21,622194_1368808_2017-07-14_102d_BGRN_Analytic_s0740,170075,170440,10701,171913
22,22,581200_1368610_2017-06-26_1030_BGRN_Analytic_s0241,136234,137349,8612,138089
23,23,660571_1269313_2017-08-01_1028_BGRN_Analytic_s0562,210267,210762,13211,211874
24,24,584870_1368808_2017-06-27_1038_BGRN_Analytic_s0416,173160,173689,10902,175121
25,25,682789_1269014_2017-08-10_1018_BGRN_Analytic_s0111,92754,93041,5873,94100
26,26,585620_1166117_2017-06-28_0f22_BGRN_Analytic_s0409,139107,139101,8705,139530
27,27,660571_1269313_2017-08-01_1028_BGRN_Analytic_s0330,184543,185091,11610,186199
28,28,584870_1368808_2017-06-27_1038_BGRN_Analytic_s0678,15696,15536,956,14853
29,29,660571_1269313_2017-08-01_1028_BGRN_Analytic_s0310,214652,214962,13449,215341
30,30,682467_1368610_2017-08-11_102d_BGRN_Analytic_s0282,0,0,0,0
31,31,613323_1268017_2017-07-10_103e_BGRN_Analytic_s0122,25,15,0,0
32,32,663913_1269014_2017-08-02_1042_BGRN_Analytic_s0028,0,0,0,0
33,33,684055_1269313_2017-08-12_0f43_BGRN_Analytic_s0422,4340,4810,238,3756
34,34,663913_1269014_2017-08-02_1042_BGRN_Analytic_s0190,171337,171576,10736,171729
35,35,592143_1269313_2017-07-01_1006_BGRN_Analytic_s0757,190453,191494,12064,193465
36,36,647540_1066622_2017-07-26_0e3a_BGRN_Analytic_s0565,134744,136927,8617,138280
37,37,684055_1269313_2017-08-12_0f43_BGRN_Analytic_s0199,15457,16991,876,13516
38,38,682789_1269014_2017-08-10_1018_BGRN_Analytic_s0166,59454,61699,3683,57598
39,39,635218_1368610_2017-07-20_1011_BGRN_Analytic_s0201,106810,107687,6794,108836
40,40,684055_1269313_2017-08-12_0f43_BGRN_Analytic_s0589,52701,54212,3359,53594
41,41,584870_1368808_2017-06-27_1038_BGRN_Analytic_s0489,168440,168635,10537,168801
42,42,661490_1269014_2017-08-01_1024_BGRN_Analytic_s0228,185196,185371,11631,186598
43,43,585620_1166117_2017-06-28_0f22_BGRN_Analytic_s0101,249,232,15,211
44,44,624964_1066622_2017-07-15_0f28_BGRN_Analytic_s0728,37217,37552,2277,35681
45,45,635218_1368610_2017-07-20_1011_BGRN_Analytic_s0038,23782,23817,1502,24047
46,46,715013_1166017_2017-08-27_1032_BGRN_Analytic_s0015,138605,138721,8704,139441
47,47,585726_1269313_2017-06-28_1010_BGRN_Analytic_s1004,75421,75447,4705,75408
48,48,640681_1269014_2017-07-23_1030_BGRN_Analytic_s0202,203429,204013,12798,205148
49,49,716222_1368610_2017-08-27_0e0f_BGRN_Analytic_s0222,20056,20477,1253,19906
50,50,631880_1066622_2017-07-18_101e_BGRN_Analytic_s0452,128016,128800,8102,129513
51,51,716222_1368610_2017-08-27_0e0f_BGRN_Analytic_s0957,0,0,0,0
52,52,580411_1368808_2017-06-26_1007_BGRN_Analytic_s0213,35746,35374,2096,32612
53,53,585726_1269313_2017-06-28_1010_BGRN_Analytic_s0175,180397,180774,11323,181092
54,54,635218_1368610_2017-07-20_1011_BGRN_Analytic_s0172,161736,164432,10367,165650
55,55,660535_1066622_2017-08-01_1041_BGRN_Analytic_s0174,189160,191112,12057,193806
56,56,580411_1368808_2017-06-26_1007_BGRN_Analytic_s0014,159388,159591,9996,159863
57,57,580411_1368808_2017-06-26_1007_BGRN_Analytic_s0691,25696,25057,1502,23386
58,58,663913_1269014_2017-08-02_1042_BGRN_Analytic_s0531,169339,171068,10792,173077
59,59,581200_1368610_2017-06-26_1030_BGRN_Analytic_s0141,84405,84716,5283,84411
60,60,663913_1269014_2017-08-02_1042_BGRN_Analytic_s0320,146700,147224,9222,147842
61,61,622194_1368808_2017-07-14_102d_BGRN_Analytic_s0160,123949,123876,7724,123496
62,62,693353_1066622_2017-08-17_1032_BGRN_Analytic_s0143,136246,138406,8793,141524
63,63,631880_1066622_2017-07-18_101e_BGRN_Analytic_s0053,177898,178117,11151,178705
64,64,640681_1269014_2017-07-23_1030_BGRN_Analytic_s0489,121521,122120,7649,122569
65,65,584870_1368808_2017-06-27_1038_BGRN_Analytic_s0109,89271,88858,5583,89150
66,66,570602_1166117_2017-06-22_1013_BGRN_Analytic_s0584,127055,126435,7903,126412
67,67,635218_1368610_2017-07-20_1011_BGRN_Analytic_s0124,172528,173326,10907,175196
68,68,631880_1066622_2017-07-18_101e_BGRN_Analytic_s0581,157245,157187,9851,157635
69,69,514940_1168617_2017-05-22_102d_BGRN_Analytic_s0001,0,0,0,0
70,70,667525_1269014_2017-08-04_1022_BGRN_Analytic_s0010,81593,81571,5104,81542
71,71,521630_1166117_2017-05-28_1008_BGRN_Analytic_s0139,201818,201169,12604,201834
72,72,637302_1368610_2017-07-21_0f34_BGRN_Analytic_s0573,0,0,0,0
73,73,656866_1269014_2017-07-30_1033_BGRN_Analytic_s0024,141309,141631,8918,142793
74,74,590376_1066622_2017-06-30_101a_BGRN_Analytic_s0345,125808,128649,8138,130939
75,75,647540_1066622_2017-07-26_0e3a_BGRN_Analytic_s0925,187011,188255,11848,190283
76,76,590376_1066622_2017-06-30_101a_BGRN_Analytic_s0452,90132,91888,5741,92133
77,77,637302_1368610_2017-07-21_0f34_BGRN_Analytic_s0404,176846,176956,11117,178190
78,78,622194_1368808_2017-07-14_102d_BGRN_Analytic_s0552,145359,145897,9210,147427
79,79,603777_1368808_2017-07-06_1041_BGRN_Analytic_s0553,147984,148734,9329,150140
80,80,661490_1269014_2017-08-01_1024_BGRN_Analytic_s0724,196337,197182,12378,198960
81,81,660535_1066622_2017-08-01_1041_BGRN_Analytic_s0848,164197,164610,10476,168289
82,82,682467_1368610_2017-08-11_102d_BGRN_Analytic_s0013,0,0,0,0
83,83,660571_1269313_2017-08-01_1028_BGRN_Analytic_s0084,195472,195295,12217,195385
84,84,585726_1269313_2017-06-28_1010_BGRN_Analytic_s0166,141225,142495,8905,142942
85,85,503058_1168617_2017-05-14_0e0f_BGRN_Analytic_s0080,0,0,0,0
86,86,663913_1269014_2017-08-02_1042_BGRN_Analytic_s0281,180995,181020,11320,181195
87,87,492899_1166117_2017-05-06_1041_BGRN_Analytic_s0116,0,0,0,0
88,88,492899_1166117_2017-05-06_1041_BGRN_Analytic_s0793,0,0,0,0
89,89,663913_1269014_2017-08-02_1042_BGRN_Analytic_s0429,114400,114692,7190,115262
90,90,580411_1368808_2017-06-26_1007_BGRN_Analytic_s0860,182900,183642,11522,184945
91,91,660535_1066622_2017-08-01_1041_BGRN_Analytic_s0220,192987,195193,12437,200131
92,92,667525_1269014_2017-08-04_1022_BGRN_Analytic_s0343,90171,90731,5695,91108
93,93,613323_1268017_2017-07-10_103e_BGRN_Analytic_s0172,59,54,3,15
94,94,570602_1166117_2017-06-22_1013_BGRN_Analytic_s0270,123077,123513,7697,123818
95,95,631880_1066622_2017-07-18_101e_BGRN_Analytic_s0009,187637,188669,11879,191055
96,96,622194_1368808_2017-07-14_102d_BGRN_Analytic_s0418,147021,148479,9325,149345
97,97,590376_1066622_2017-06-30_101a_BGRN_Analytic_s0460,103651,105170,6584,105513
98,98,684055_1269313_2017-08-12_0f43_BGRN_Analytic_s0626,40682,41185,2549,40371
99,99,640681_1269014_2017-07-23_1030_BGRN_Analytic_s0078,117039,117069,7352,117795
100,100,663913_1269014_2017-08-02_1042_BGRN_Analytic_s0084,100436,100665,6318,101187
101,101,503058_1168617_2017-05-14_0e0f_BGRN_Analytic_s0094,0,0,0,0
102,102,647540_1066622_2017-07-26_0e3a_BGRN_Analytic_s0636,174294,176644,11151,179381
103,103,613323_1268017_2017-07-10_103e_BGRN_Analytic_s0205,331,296,10,143
104,104,590376_1066622_2017-06-30_101a_BGRN_Analytic_s0472,122952,125952,7894,127229
105,105,637302_1368610_2017-07-21_0f34_BGRN_Analytic_s0641,154673,154272,9676,154978
106,106,716222_1368610_2017-08-27_0e0f_BGRN_Analytic_s0481,76,73,4,66
107,107,570602_1166117_2017-06-22_1013_BGRN_Analytic_s0882,201394,201707,12637,202173
108,108,640681_1269014_2017-07-23_1030_BGRN_Analytic_s0135,197152,197382,12399,198727
109,109,622194_1368808_2017-07-14_102d_BGRN_Analytic_s0328,134089,134513,8477,135893
110,110,684055_1269313_2017-08-12_0f43_BGRN_Analytic_s0639,2420,2440,101,1541
111,111,647540_1066622_2017-07-26_0e3a_BGRN_Analytic_s0879,161192,162861,10315,165394
112,112,663913_1269014_2017-08-02_1042_BGRN_Analytic_s0313,176642,177270,11110,178103
113,113,716222_1368610_2017-08-27_0e0f_BGRN_Analytic_s0444,11649,11967,719,11405
114,114,640681_1269014_2017-07-23_1030_BGRN_Analytic_s0134,203533,203365,12713,203483
115,115,631880_1066622_2017-07-18_101e_BGRN_Analytic_s0232,174637,175349,11076,177856
116,116,590376_1066622_2017-06-30_101a_BGRN_Analytic_s0567,151173,152767,9633,155089
117,117,603777_1368808_2017-07-06_1041_BGRN_Analytic_s0138,97505,97827,6110,97898
118,118,661490_1269014_2017-08-01_1024_BGRN_Analytic_s0303,196665,196528,12359,197911
119,119,656866_1269014_2017-07-30_1033_BGRN_Analytic_s0593,134093,133996,8387,134068
120,120,660571_1269313_2017-08-01_1028_BGRN_Analytic_s0437,160047,160138,10012,160432
121,121,716222_1368610_2017-08-27_0e0f_BGRN_Analytic_s0904,0,0,0,0
122,122,660535_1066622_2017-08-01_1041_BGRN_Analytic_s0319,69390,70383,4392,70299
123,123,693353_1066622_2017-08-17_1032_BGRN_Analytic_s0246,98061,96244,6027,95641
124,124,660571_1269313_2017-08-01_1028_BGRN_Analytic_s0352,167977,168078,10520,168502
125,125,488779_1166017_2017-05-02_102e_BGRN_Analytic_s0044,3647,3553,221,3342
126,126,622194_1368808_2017-07-14_102d_BGRN_Analytic_s0562,54374,54453,3357,53410
127,127,631880_1066622_2017-07-18_101e_BGRN_Analytic_s0319,194483,196684,12374,198946
128,128,580411_1368808_2017-06-26_1007_BGRN_Analytic_s0153,110809,110839,6963,111500
129,129,656866_1269014_2017-07-30_1033_BGRN_Analytic_s0267,112739,112770,7036,112741
130,130,715013_1166017_2017-08-27_1032_BGRN_Analytic_s0171,101658,102143,6429,103966
131,131,592143_1269313_2017-07-01_1006_BGRN_Analytic_s0290,173299,173612,10890,174187
132,132,514940_1168617_2017-05-22_102d_BGRN_Analytic_s0324,0,0,0,0
133,133,590376_1066622_2017-06-30_101a_BGRN_Analytic_s0594,156893,158364,9992,160566
134,134,663913_1269014_2017-08-02_1042_BGRN_Analytic_s0599,82456,82887,5177,83031
135,135,660535_1066622_2017-08-01_1041_BGRN_Analytic_s1001,165331,166374,10471,167942
136,136,660535_1066622_2017-08-01_1041_BGRN_Analytic_s0434,92083,93309,5803,93079
137,137,660571_1269313_2017-08-01_1028_BGRN_Analytic_s0413,64226,64162,4006,64146
138,138,647540_1066622_2017-07-26_0e3a_BGRN_Analytic_s0559,79871,80475,5029,79429
139,139,693353_1066622_2017-08-17_1032_BGRN_Analytic_s0150,163573,165904,10525,169856
140,140,660571_1269313_2017-08-01_1028_BGRN_Analytic_s0621,194610,195262,12282,196948
141,141,492899_1166117_2017-05-06_1041_BGRN_Analytic_s0373,0,0,0,0
142,142,514940_1168617_2017-05-22_102d_BGRN_Analytic_s0062,0,0,0,0
143,143,647540_1066622_2017-07-26_0e3a_BGRN_Analytic_s0808,136433,138253,8685,139094
144,144,716222_1368610_2017-08-27_0e0f_BGRN_Analytic_s0334,0,0,0,0
145,145,498793_1166117_2017-05-11_0e14_BGRN_Analytic_s0348,76455,75828,4687,75063
146,146,624964_1066622_2017-07-15_0f28_BGRN_Analytic_s0765,2730,2594,141,2160
147,147,663913_1269014_2017-08-02_1042_BGRN_Analytic_s0229,201390,201945,12633,202420
148,148,580411_1368808_2017-06-26_1007_BGRN_Analytic_s0900,119302,119825,7544,121116
149,149,661490_1269014_2017-08-01_1024_BGRN_Analytic_s0578,173544,173435,10876,174201
150,150,590376_1066622_2017-06-30_101a_BGRN_Analytic_s0403,132120,134325,8467,135570
151,151,663913_1269014_2017-08-02_1042_BGRN_Analytic_s0427,156421,157202,9863,157971
152,152,592143_1269313_2017-07-01_1006_BGRN_Analytic_s0375,132878,135444,8492,135933
153,153,570602_1166117_2017-06-22_1013_BGRN_Analytic_s1004,103662,103791,6485,103848
154,154,492899_1166117_2017-05-06_1041_BGRN_Analytic_s0334,0,0,0,0
155,155,716222_1368610_2017-08-27_0e0f_BGRN_Analytic_s0750,0,0,0,0
156,156,492899_1166117_2017-05-06_1041_BGRN_Analytic_s0284,0,0,0,0
157,157,693353_1066622_2017-08-17_1032_BGRN_Analytic_s0131,136988,138476,8869,144003
158,158,570602_1166117_2017-06-22_1013_BGRN_Analytic_s0181,222070,222777,13946,223479
159,159,584870_1368808_2017-06-27_1038_BGRN_Analytic_s0012,70864,70707,4435,70905
160,160,592143_1269313_2017-07-01_1006_BGRN_Analytic_s0122,147140,147024,9192,147117
161,161,592143_1269313_2017-07-01_1006_BGRN_Analytic_s0033,105693,105593,6688,107102
162,162,682789_1269014_2017-08-10_1018_BGRN_Analytic_s0005,132015,133285,8352,133949
163,163,693353_1066622_2017-08-17_1032_BGRN_Analytic_s0315,139596,137337,8635,138059
164,164,663913_1269014_2017-08-02_1042_BGRN_Analytic_s0139,32012,32093,2000,31925
165,165,603777_1368808_2017-07-06_1041_BGRN_Analytic_s0624,24275,24322,1522,24410
166,166,492899_1166117_2017-05-06_1041_BGRN_Analytic_s0072,0,0,0,0
167,167,603777_1368808_2017-07-06_1041_BGRN_Analytic_s0608,160409,161373,10146,163281
168,168,716222_1368610_2017-08-27_0e0f_BGRN_Analytic_s0984,0,0,0,0
169,169,584870_1368808_2017-06-27_1038_BGRN_Analytic_s0510,95624,95958,6037,96775
170,170,622194_1368808_2017-07-14_102d_BGRN_Analytic_s0596,92028,92358,5768,92296
171,171,684055_1269313_2017-08-12_0f43_BGRN_Analytic_s0714,2531,2309,108,1539
172,172,584870_1368808_2017-06-27_1038_BGRN_Analytic_s0622,58847,58652,3663,58207
173,173,580411_1368808_2017-06-26_1007_BGRN_Analytic_s0978,58560,58219,3638,57909
174,174,590376_1066622_2017-06-30_101a_BGRN_Analytic_s0839,174820,177461,11289,181304
175,175,647540_1066622_2017-07-26_0e3a_BGRN_Analytic_s0582,72500,72926,4456,70991
176,176,581200_1368610_2017-06-26_1030_BGRN_Analytic_s0142,73091,72960,4538,71959
177,177,716222_1368610_2017-08-27_0e0f_BGRN_Analytic_s0797,0,0,0,0
178,178,570602_1166117_2017-06-22_1013_BGRN_Analytic_s0990,203399,204032,12779,204961
179,179,590376_1066622_2017-06-30_101a_BGRN_Analytic_s0562,139071,140551,8954,143752
180,180,613323_1268017_2017-07-10_103e_BGRN_Analytic_s0010,733,695,35,480
181,181,581200_1368610_2017-06-26_1030_BGRN_Analytic_s0234,113713,114039,7122,113905
182,182,581200_1368610_2017-06-26_1030_BGRN_Analytic_s0380,119581,119204,7475,119476
183,183,603777_1368808_2017-07-06_1041_BGRN_Analytic_s0156,110658,111284,6956,111533
184,184,585726_1269313_2017-06-28_1010_BGRN_Analytic_s0146,172465,172844,10813,172960
185,185,585726_1269313_2017-06-28_1010_BGRN_Analytic_s0342,201767,202956,12732,204328
186,186,716222_1368610_2017-08-27_0e0f_BGRN_Analytic_s0077,1196,1284,70,1125
187,187,660535_1066622_2017-08-01_1041_BGRN_Analytic_s0517,127271,129860,8225,131999
188,188,592143_1269313_2017-07-01_1006_BGRN_Analytic_s0397,39225,39423,2437,39207
189,189,498793_1166117_2017-05-11_0e14_BGRN_Analytic_s0523,24674,25003,1555,24493
190,190,590376_1066622_2017-06-30_101a_BGRN_Analytic_s0148,12002,12476,730,11308
191,191,715013_1166017_2017-08-27_1032_BGRN_Analytic_s0049,217855,218109,13710,219697
192,192,660535_1066622_2017-08-01_1041_BGRN_Analytic_s0967,141955,141916,9061,145390
193,193,647540_1066622_2017-07-26_0e3a_BGRN_Analytic_s0311,159031,162449,10389,167424
194,194,581200_1368610_2017-06-26_1030_BGRN_Analytic_s0403,124965,125399,7832,125326
195,195,624964_1066622_2017-07-15_0f28_BGRN_Analytic_s0775,23704,23921,1408,22082
196,196,580411_1368808_2017-06-26_1007_BGRN_Analytic_s0004,102892,102993,6450,103081
197,197,661490_1269014_2017-08-01_1024_BGRN_Analytic_s0133,222727,223157,13991,224182
198,198,622194_1368808_2017-07-14_102d_BGRN_Analytic_s0450,117261,118784,7451,119570
199,199,498793_1166117_2017-05-11_0e14_BGRN_Analytic_s0003,98956,94051,5850,93896
200,200,514940_1168617_2017-05-22_102d_BGRN_Analytic_s0282,0,0,0,0
201,201,492899_1166117_2017-05-06_1041_BGRN_Analytic_s0272,0,0,0,0
202,202,637302_1368610_2017-07-21_0f34_BGRN_Analytic_s0033,124942,125409,7897,126649
203,203,498793_1166117_2017-05-11_0e14_BGRN_Analytic_s0131,63022,55257,3442,54695
204,204,624964_1066622_2017-07-15_0f28_BGRN_Analytic_s0018,8752,8268,462,7149
205,205,661490_1269014_2017-08-01_1024_BGRN_Analytic_s0717,210134,210103,13233,212294
206,206,624964_1066622_2017-07-15_0f28_BGRN_Analytic_s0564,12935,12777,733,11246
207,207,521630_1166117_2017-05-28_1008_BGRN_Analytic_s0060,189046,188114,11736,187787
208,208,580411_1368808_2017-06-26_1007_BGRN_Analytic_s0327,65757,64851,4024,64335
209,209,631880_1066622_2017-07-18_101e_BGRN_Analytic_s0702,111355,112751,7148,115296
210,210,622194_1368808_2017-07-14_102d_BGRN_Analytic_s0627,82439,82770,5137,82099
211,211,624964_1066622_2017-07-15_0f28_BGRN_Analytic_s0022,7299,7123,392,5925
212,212,580411_1368808_2017-06-26_1007_BGRN_Analytic_s0631,126748,126683,7953,127117
213,213,716222_1368610_2017-08-27_0e0f_BGRN_Analytic_s0921,0,0,0,0
214,214,590376_1066622_2017-06-30_101a_BGRN_Analytic_s0254,152374,153378,9679,155788
215,215,570602_1166117_2017-06-22_1013_BGRN_Analytic_s0831,48606,48353,2963,47429
216,216,581200_1368610_2017-06-26_1030_BGRN_Analytic_s0171,80028,80839,4986,79473
217,217,622194_1368808_2017-07-14_102d_BGRN_Analytic_s0243,206409,206340,12904,206548
218,218,592143_1269313_2017-07-01_1006_BGRN_Analytic_s0595,43356,43713,2700,43114
219,219,570602_1166117_2017-06-22_1013_BGRN_Analytic_s0393,229806,229842,14365,229895
220,220,684055_1269313_2017-08-12_0f43_BGRN_Analytic_s0494,14981,18230,854,12748
221,221,622194_1368808_2017-07-14_102d_BGRN_Analytic_s0261,167156,168319,10568,169458
222,222,676207_1269313_2017-08-08_0f15_BGRN_Analytic_s0013,133134,133449,8347,133412
223,223,580411_1368808_2017-06-26_1007_BGRN_Analytic_s0501,152789,155038,9762,156392
224,224,590376_1066622_2017-06-30_101a_BGRN_Analytic_s0203,42918,44002,2733,43386
225,225,584870_1368808_2017-06-27_1038_BGRN_Analytic_s0423,111088,111094,6955,111682
226,226,624964_1066622_2017-07-15_0f28_BGRN_Analytic_s0782,5872,5908,341,5236
227,227,514940_1168617_2017-05-22_102d_BGRN_Analytic_s0132,0,0,0,0
228,228,716222_1368610_2017-08-27_0e0f_BGRN_Analytic_s0771,0,0,0,0
229,229,585620_1166117_2017-06-28_0f22_BGRN_Analytic_s0085,0,0,0,0
230,230,488779_1166017_2017-05-02_102e_BGRN_Analytic_s0019,0,4,0,0
231,231,570602_1166117_2017-06-22_1013_BGRN_Analytic_s0703,175921,176390,11037,176589
232,232,667525_1269014_2017-08-04_1022_BGRN_Analytic_s0098,169167,170187,10644,170472
233,233,580411_1368808_2017-06-26_1007_BGRN_Analytic_s0552,22471,21398,1206,18597
234,234,580411_1368808_2017-06-26_1007_BGRN_Analytic_s0088,75361,75145,4684,75043
235,235,613323_1268017_2017-07-10_103e_BGRN_Analytic_s0425,1256,1095,57,840
236,236,682789_1269014_2017-08-10_1018_BGRN_Analytic_s0126,76128,76807,4787,76397
237,237,661490_1269014_2017-08-01_1024_BGRN_Analytic_s0841,96093,96242,6021,96508
238,238,492899_1166117_2017-05-06_1041_BGRN_Analytic_s0111,0,0,0,0
239,239,635218_1368610_2017-07-20_1011_BGRN_Analytic_s0106,155006,156718,9840,157856
240,240,660571_1269313_2017-08-01_1028_BGRN_Analytic_s0231,180421,181153,11338,181583
241,241,585726_1269313_2017-06-28_1010_BGRN_Analytic_s0299,195418,195872,12268,196342
242,242,603777_1368808_2017-07-06_1041_BGRN_Analytic_s0159,43230,43217,2696,43055
243,243,660571_1269313_2017-08-01_1028_BGRN_Analytic_s0432,200189,200910,12595,201943
244,244,514940_1168617_2017-05-22_102d_BGRN_Analytic_s0635,0,0,0,0
245,245,631880_1066622_2017-07-18_101e_BGRN_Analytic_s0024,195115,196797,12406,199094
246,246,590376_1066622_2017-06-30_101a_BGRN_Analytic_s0642,118901,120149,7569,121344
247,247,492899_1166117_2017-05-06_1041_BGRN_Analytic_s0400,0,0,0,0
248,248,640681_1269014_2017-07-23_1030_BGRN_Analytic_s0288,127360,128099,8029,128303
249,249,676207_1269313_2017-08-08_0f15_BGRN_Analytic_s0205,187828,188377,11840,189754
250,250,492899_1166117_2017-05-06_1041_BGRN_Analytic_s0452,0,0,0,0
251,251,715013_1166017_2017-08-27_1032_BGRN_Analytic_s0081,157901,158239,9936,159819
252,252,631880_1066622_2017-07-18_101e_BGRN_Analytic_s0031,220056,220936,13869,222444
253,253,492899_1166117_2017-05-06_1041_BGRN_Analytic_s0242,0,0,0,0
254,254,716222_1368610_2017-08-27_0e0f_BGRN_Analytic_s0641,0,0,0,0
255,255,624964_1066622_2017-07-15_0f28_BGRN_Analytic_s0433,5776,5707,322,5035
256,256,590376_1066622_2017-06-30_101a_BGRN_Analytic_s0464,116441,117439,7403,118568
257,257,592143_1269313_2017-07-01_1006_BGRN_Analytic_s0104,58271,59134,3697,59169
258,258,622194_1368808_2017-07-14_102d_BGRN_Analytic_s0263,75946,75877,4741,75981
259,259,603777_1368808_2017-07-06_1041_BGRN_Analytic_s0278,33715,33972,2093,33440
260,260,631880_1066622_2017-07-18_101e_BGRN_Analytic_s0502,133237,134795,8532,137104
261,261,647540_1066622_2017-07-26_0e3a_BGRN_Analytic_s0007,176025,178313,11238,181142
262,262,503058_1168617_2017-05-14_0e0f_BGRN_Analytic_s0035,0,0,0,0
263,263,622194_1368808_2017-07-14_102d_BGRN_Analytic_s0104,157667,157524,9862,157691
264,264,585620_1166117_2017-06-28_0f22_BGRN_Analytic_s0167,69807,71233,4458,71446
265,265,581200_1368610_2017-06-26_1030_BGRN_Analytic_s0009,24972,25008,1509,23429
266,266,521630_1166117_2017-05-28_1008_BGRN_Analytic_s0016,178610,178828,11256,180493
267,267,585726_1269313_2017-06-28_1010_BGRN_Analytic_s0316,190564,190942,11967,191323
268,268,570602_1166117_2017-06-22_1013_BGRN_Analytic_s0963,204492,204946,12836,205825
269,269,637302_1368610_2017-07-21_0f34_BGRN_Analytic_s0612,111599,111236,6956,111265
270,270,667525_1269014_2017-08-04_1022_BGRN_Analytic_s0035,159201,160406,10067,161141
271,271,492899_1166117_2017-05-06_1041_BGRN_Analytic_s0661,0,0,0,0
272,272,503058_1168617_2017-05-14_0e0f_BGRN_Analytic_s0072,0,0,0,0
273,273,682789_1269014_2017-08-10_1018_BGRN_Analytic_s0198,159813,159932,10095,161706
274,274,676207_1269313_2017-08-08_0f15_BGRN_Analytic_s0136,157665,158157,9896,158265
275,275,503058_1168617_2017-05-14_0e0f_BGRN_Analytic_s0140,0,0,0,0
276,276,580411_1368808_2017-06-26_1007_BGRN_Analytic_s0348,115835,115632,7222,116016
277,277,667525_1269014_2017-08-04_1022_BGRN_Analytic_s0206,170303,171483,10756,172131
278,278,693353_1066622_2017-08-17_1032_BGRN_Analytic_s0305,94517,95698,5993,96503
279,279,492899_1166117_2017-05-06_1041_BGRN_Analytic_s0406,0,0,0,0
280,280,716222_1368610_2017-08-27_0e0f_BGRN_Analytic_s0648,0,0,0,0
281,281,637302_1368610_2017-07-21_0f34_BGRN_Analytic_s0783,157634,157652,9843,157367
282,282,514940_1168617_2017-05-22_102d_BGRN_Analytic_s0111,0,0,0,0
283,283,663913_1269014_2017-08-02_1042_BGRN_Analytic_s0715,45790,45916,2871,46066
284,284,498793_1166117_2017-05-11_0e14_BGRN_Analytic_s0208,136697,132278,8495,136913
285,285,631880_1066622_2017-07-18_101e_BGRN_Analytic_s0229,97512,98277,6188,99118
286,286,603777_1368808_2017-07-06_1041_BGRN_Analytic_s0454,100147,101222,6357,101561
287,287,592143_1269313_2017-07-01_1006_BGRN_Analytic_s0118,16497,15934,980,15326
288,288,624964_1066622_2017-07-15_0f28_BGRN_Analytic_s0326,4472,4751,255,3997
289,289,514940_1168617_2017-05-22_102d_BGRN_Analytic_s0244,0,0,0,0
290,290,684055_1269313_2017-08-12_0f43_BGRN_Analytic_s0115,5452,5253,273,4098
291,291,663913_1269014_2017-08-02_1042_BGRN_Analytic_s0292,186667,187688,11764,188470
292,292,581200_1368610_2017-06-26_1030_BGRN_Analytic_s0311,99423,100243,6244,99475
293,293,660571_1269313_2017-08-01_1028_BGRN_Analytic_s0364,187716,187814,11772,188335
294,294,656866_1269014_2017-07-30_1033_BGRN_Analytic_s0064,0,0,0,0
295,295,624964_1066622_2017-07-15_0f28_BGRN_Analytic_s0033,46609,45724,2747,43523
296,296,684055_1269313_2017-08-12_0f43_BGRN_Analytic_s0089,4758,4319,175,2480
297,297,585726_1269313_2017-06-28_1010_BGRN_Analytic_s0586,189165,189546,11885,190251
298,298,624964_1066622_2017-07-15_0f28_BGRN_Analytic_s0201,2929,3030,167,2457
299,299,585726_1269313_2017-06-28_1010_BGRN_Analytic_s0773,149739,150096,9388,150418
300,300,716222_1368610_2017-08-27_0e0f_BGRN_Analytic_s0294,18430,18807,1116,17878
301,301,660535_1066622_2017-08-01_1041_BGRN_Analytic_s0040,172603,174497,11077,178329
302,302,590376_1066622_2017-06-30_101a_BGRN_Analytic_s0637,163036,164822,10404,166962
303,303,637302_1368610_2017-07-21_0f34_BGRN_Analytic_s0375,91988,92058,5772,92936
304,304,640681_1269014_2017-07-23_1030_BGRN_Analytic_s0082,206729,206982,12963,207519
305,305,631880_1066622_2017-07-18_101e_BGRN_Analytic_s0396,43027,42994,2696,43101
306,306,667525_1269014_2017-08-04_1022_BGRN_Analytic_s0278,106888,108160,6783,108433
307,307,581200_1368610_2017-06-26_1030_BGRN_Analytic_s0098,48444,48072,2909,46247
308,308,676207_1269313_2017-08-08_0f15_BGRN_Analytic_s0053,174275,174503,10913,174617
309,309,624964_1066622_2017-07-15_0f28_BGRN_Analytic_s0410,5873,5494,305,4364
310,310,622194_1368808_2017-07-14_102d_BGRN_Analytic_s0823,152349,152327,9543,152841
311,311,663913_1269014_2017-08-02_1042_BGRN_Analytic_s0099,64495,64967,4080,65255
312,312,660571_1269313_2017-08-01_1028_BGRN_Analytic_s0470,207259,207504,12992,208249
313,313,656866_1269014_2017-07-30_1033_BGRN_Analytic_s0507,49095,49459,3077,49312
314,314,581200_1368610_2017-06-26_1030_BGRN_Analytic_s0355,70586,70516,4442,70655
315,315,492899_1166117_2017-05-06_1041_BGRN_Analytic_s0185,0,0,0,0
316,316,663913_1269014_2017-08-02_1042_BGRN_Analytic_s0231,145009,145600,9146,146477
317,317,590376_1066622_2017-06-30_101a_BGRN_Analytic_s0785,108922,111083,6934,111187
318,318,613323_1268017_2017-07-10_103e_BGRN_Analytic_s0374,3749,3719,177,2572
319,319,580411_1368808_2017-06-26_1007_BGRN_Analytic_s0311,172818,172932,10835,173429
320,320,498793_1166117_2017-05-11_0e14_BGRN_Analytic_s0019,180785,173932,11288,182780
321,321,581200_1368610_2017-06-26_1030_BGRN_Analytic_s0159,100679,100975,6347,101680
322,322,492899_1166117_2017-05-06_1041_BGRN_Analytic_s0064,0,0,0,0
323,323,590376_1066622_2017-06-30_101a_BGRN_Analytic_s0805,166240,168591,10688,171349
324,324,684055_1269313_2017-08-12_0f43_BGRN_Analytic_s0612,21277,23206,1264,19366
325,325,585726_1269313_2017-06-28_1010_BGRN_Analytic_s0950,204835,205144,12832,205595
326,326,682467_1368610_2017-08-11_102d_BGRN_Analytic_s0196,0,0,0,0
327,327,492899_1166117_2017-05-06_1041_BGRN_Analytic_s0025,0,0,0,0
328,328,492899_1166117_2017-05-06_1041_BGRN_Analytic_s0014,0,0,0,0
329,329,647540_1066622_2017-07-26_0e3a_BGRN_Analytic_s0046,138317,140444,8946,144153
330,330,590376_1066622_2017-06-30_101a_BGRN_Analytic_s0456,106597,108126,6805,108572
331,331,503058_1168617_2017-05-14_0e0f_BGRN_Analytic_s0105,0,0,0,0
332,332,622194_1368808_2017-07-14_102d_BGRN_Analytic_s0031,203623,203448,12731,203687
333,333,640681_1269014_2017-07-23_1030_BGRN_Analytic_s0013,896,933,58,899
334,334,660571_1269313_2017-08-01_1028_BGRN_Analytic_s0789,99447,99559,6238,99942
335,335,631880_1066622_2017-07-18_101e_BGRN_Analytic_s0168,139689,140645,8849,142064
336,336,622194_1368808_2017-07-14_102d_BGRN_Analytic_s0699,185034,185185,11651,186707
337,337,624964_1066622_2017-07-15_0f28_BGRN_Analytic_s0044,7827,7506,418,6358
338,338,580411_1368808_2017-06-26_1007_BGRN_Analytic_s0305,31428,30564,1806,28048
339,339,660571_1269313_2017-08-01_1028_BGRN_Analytic_s0821,55186,54950,3427,54914
340,340,580411_1368808_2017-06-26_1007_BGRN_Analytic_s0835,81476,82354,5192,83362
341,341,660535_1066622_2017-08-01_1041_BGRN_Analytic_s0377,208012,209939,13228,211981
342,342,640681_1269014_2017-07-23_1030_BGRN_Analytic_s0375,111891,112245,6992,112062
343,343,603777_1368808_2017-07-06_1041_BGRN_Analytic_s0381,36430,36765,2259,36316
344,344,570602_1166117_2017-06-22_1013_BGRN_Analytic_s0011,223570,223531,13975,223677
345,345,647540_1066622_2017-07-26_0e3a_BGRN_Analytic_s0747,134336,134989,8483,135937
346,346,570602_1166117_2017-06-22_1013_BGRN_Analytic_s0778,105404,102893,6366,101769
347,347,637302_1368610_2017-07-21_0f34_BGRN_Analytic_s0589,123648,124350,7797,125030
348,348,667525_1269014_2017-08-04_1022_BGRN_Analytic_s0371,126399,128438,8097,129812
349,349,514940_1168617_2017-05-22_102d_BGRN_Analytic_s0167,0,0,0,0
350,350,514940_1168617_2017-05-22_102d_BGRN_Analytic_s0227,0,0,0,0
351,351,581200_1368610_2017-06-26_1030_BGRN_Analytic_s0252,38252,38394,2377,38125
352,352,647540_1066622_2017-07-26_0e3a_BGRN_Analytic_s0805,168053,169597,10776,173385
353,353,580411_1368808_2017-06-26_1007_BGRN_Analytic_s0713,124406,125195,7871,126171
354,354,661490_1269014_2017-08-01_1024_BGRN_Analytic_s0201,190826,191023,11965,191738
355,355,637302_1368610_2017-07-21_0f34_BGRN_Analytic_s0241,167203,167647,10583,169824
356,356,570602_1166117_2017-06-22_1013_BGRN_Analytic_s0295,180008,180300,11269,180251
357,357,660535_1066622_2017-08-01_1041_BGRN_Analytic_s0703,141963,142878,9066,146084
358,358,580411_1368808_2017-06-26_1007_BGRN_Analytic_s0906,97188,96940,6062,96632
359,359,684055_1269313_2017-08-12_0f43_BGRN_Analytic_s0314,13936,15537,738,10962
360,360,716222_1368610_2017-08-27_0e0f_BGRN_Analytic_s0585,0,0,0,0
361,361,584870_1368808_2017-06-27_1038_BGRN_Analytic_s0562,127243,127221,7968,127853
362,362,590376_1066622_2017-06-30_101a_BGRN_Analytic_s0992,2703,2556,155,2440
363,363,663913_1269014_2017-08-02_1042_BGRN_Analytic_s0159,55989,56028,3503,55879
364,364,585620_1166117_2017-06-28_0f22_BGRN_Analytic_s0030,121653,122720,7729,124459
365,365,585620_1166117_2017-06-28_0f22_BGRN_Analytic_s0322,134674,134789,8451,134868
366,366,693353_1066622_2017-08-17_1032_BGRN_Analytic_s0030,142670,140748,8968,144424
367,367,661490_1269014_2017-08-01_1024_BGRN_Analytic_s0599,167024,167161,10493,168100
368,368,682789_1269014_2017-08-10_1018_BGRN_Analytic_s0248,116582,116543,7306,117024
369,369,647540_1066622_2017-07-26_0e3a_BGRN_Analytic_s0437,166767,167899,10581,170331
370,370,580411_1368808_2017-06-26_1007_BGRN_Analytic_s0479,74731,74429,4622,73323
371,371,592143_1269313_2017-07-01_1006_BGRN_Analytic_s0591,188022,188491,11790,188680
372,372,660535_1066622_2017-08-01_1041_BGRN_Analytic_s0050,184276,186858,11860,190108
373,373,716222_1368610_2017-08-27_0e0f_BGRN_Analytic_s0893,0,0,0,0
374,374,590376_1066622_2017-06-30_101a_BGRN_Analytic_s0190,105431,106634,6690,107664
375,375,693353_1066622_2017-08-17_1032_BGRN_Analytic_s0008,134611,133956,8518,136983
376,376,640681_1269014_2017-07-23_1030_BGRN_Analytic_s0361,132706,133104,8305,133117
377,377,603777_1368808_2017-07-06_1041_BGRN_Analytic_s0551,190158,190669,11975,192063
378,378,624964_1066622_2017-07-15_0f28_BGRN_Analytic_s0844,6885,6787,371,5792
379,379,584870_1368808_2017-06-27_1038_BGRN_Analytic_s0300,156695,157880,9949,159611
380,380,498793_1166117_2017-05-11_0e14_BGRN_Analytic_s0074,112086,110790,7007,113031
381,381,661490_1269014_2017-08-01_1024_BGRN_Analytic_s0752,68569,68469,4282,68526
382,382,584870_1368808_2017-06-27_1038_BGRN_Analytic_s0246,78335,77708,4817,76721
383,383,581200_1368610_2017-06-26_1030_BGRN_Analytic_s0056,45253,45340,2811,44360
384,384,684055_1269313_2017-08-12_0f43_BGRN_Analytic_s0068,8674,7317,358,5636
385,385,715013_1166017_2017-08-27_1032_BGRN_Analytic_s0118,165915,165979,10490,168264
386,386,624964_1066622_2017-07-15_0f28_BGRN_Analytic_s0695,3400,3148,160,2337
387,387,503058_1168617_2017-05-14_0e0f_BGRN_Analytic_s0019,0,0,0,0
388,388,622194_1368808_2017-07-14_102d_BGRN_Analytic_s0889,153088,152997,9634,154328
389,389,647540_1066622_2017-07-26_0e3a_BGRN_Analytic_s0947,179639,180937,11514,185318
390,390,503058_1168617_2017-05-14_0e0f_BGRN_Analytic_s0190,0,0,0,0
391,391,640681_1269014_2017-07-23_1030_BGRN_Analytic_s0353,140212,140730,8866,141874
392,392,613323_1268017_2017-07-10_103e_BGRN_Analytic_s0348,3099,3048,150,2313
393,393,684055_1269313_2017-08-12_0f43_BGRN_Analytic_s0216,8726,8299,456,6951
394,394,492899_1166117_2017-05-06_1041_BGRN_Analytic_s0175,0,0,0,0
395,395,637302_1368610_2017-07-21_0f34_BGRN_Analytic_s0780,141569,141487,8894,142311
396,396,580411_1368808_2017-06-26_1007_BGRN_Analytic_s0332,31084,29593,1786,27615
397,397,622194_1368808_2017-07-14_102d_BGRN_Analytic_s0547,152761,153084,9617,154270
398,398,676207_1269313_2017-08-08_0f15_BGRN_Analytic_s0027,105136,105496,6607,105984
399,399,570602_1166117_2017-06-22_1013_BGRN_Analytic_s0030,214338,215113,13501,216142
400,400,590376_1066622_2017-06-30_101a_BGRN_Analytic_s0605,112666,114066,7115,113875
401,401,693353_1066622_2017-08-17_1032_BGRN_Analytic_s0234,121881,119602,7498,119536
402,402,676207_1269313_2017-08-08_0f15_BGRN_Analytic_s0069,186375,186497,11662,186499
403,403,585726_1269313_2017-06-28_1010_BGRN_Analytic_s0399,187264,187798,11763,188412
404,404,647540_1066622_2017-07-26_0e3a_BGRN_Analytic_s0794,162556,164003,10410,167689
405,405,603777_1368808_2017-07-06_1041_BGRN_Analytic_s0176,86213,86424,5429,86922
406,406,613323_1268017_2017-07-10_103e_BGRN_Analytic_s0481,1527,1558,75,1110
407,407,521630_1166117_2017-05-28_1008_BGRN_Analytic_s0125,205395,206001,12890,206667
408,408,693353_1066622_2017-08-17_1032_BGRN_Analytic_s0009,146324,146568,9339,150195
409,409,660571_1269313_2017-08-01_1028_BGRN_Analytic_s0679,206199,206815,13006,208627
410,410,622194_1368808_2017-07-14_102d_BGRN_Analytic_s0208,75224,75172,4700,75236
411,411,647540_1066622_2017-07-26_0e3a_BGRN_Analytic_s0708,102112,103309,6396,102450
412,412,584870_1368808_2017-06-27_1038_BGRN_Analytic_s0073,97466,97236,6079,97284
413,413,631880_1066622_2017-07-18_101e_BGRN_Analytic_s0194,205757,205926,12892,206322
414,414,624964_1066622_2017-07-15_0f28_BGRN_Analytic_s0507,5180,5087,302,4623
415,415,682789_1269014_2017-08-10_1018_BGRN_Analytic_s0224,144245,144914,9065,145053
416,416,667525_1269014_2017-08-04_1022_BGRN_Analytic_s0411,127839,128670,8075,129406
417,417,498793_1166117_2017-05-11_0e14_BGRN_Analytic_s0282,86616,86342,5492,88197
418,418,585726_1269313_2017-06-28_1010_BGRN_Analytic_s0492,165640,166095,10390,166232
419,419,684055_1269313_2017-08-12_0f43_BGRN_Analytic_s0530,30324,33371,1802,28060
420,420,585726_1269313_2017-06-28_1010_BGRN_Analytic_s0679,208724,209026,13124,209958
421,421,640681_1269014_2017-07-23_1030_BGRN_Analytic_s0193,175796,175608,10987,175726
422,422,684055_1269313_2017-08-12_0f43_BGRN_Analytic_s0429,25750,24932,1442,22803
423,423,631880_1066622_2017-07-18_101e_BGRN_Analytic_s0347,102142,102685,6433,103160
424,424,514940_1168617_2017-05-22_102d_BGRN_Analytic_s0344,0,0,0,0
425,425,660535_1066622_2017-08-01_1041_BGRN_Analytic_s0299,117606,118945,7504,120612
426,426,590376_1066622_2017-06-30_101a_BGRN_Analytic_s0858,33909,34284,2056,32369
427,427,667525_1269014_2017-08-04_1022_BGRN_Analytic_s0328,9401,9168,563,8981
428,428,637302_1368610_2017-07-21_0f34_BGRN_Analytic_s0043,129294,129881,8198,131711
429,429,682467_1368610_2017-08-11_102d_BGRN_Analytic_s0025,0,0,0,0
430,430,492899_1166117_2017-05-06_1041_BGRN_Analytic_s0411,0,0,0,0
431,431,581200_1368610_2017-06-26_1030_BGRN_Analytic_s0323,160074,160889,10154,162652
432,432,661490_1269014_2017-08-01_1024_BGRN_Analytic_s0774,117896,117932,7395,118666
433,433,580411_1368808_2017-06-26_1007_BGRN_Analytic_s0794,137399,138596,8713,139653
434,434,580411_1368808_2017-06-26_1007_BGRN_Analytic_s0279,178502,178738,11185,179109
435,435,667525_1269014_2017-08-04_1022_BGRN_Analytic_s0022,166823,168585,10547,169219
436,436,631880_1066622_2017-07-18_101e_BGRN_Analytic_s0599,146979,148352,9310,149458
437,437,492899_1166117_2017-05-06_1041_BGRN_Analytic_s0543,0,0,0,0
438,438,622194_1368808_2017-07-14_102d_BGRN_Analytic_s0090,154921,154932,9680,154869
439,439,570602_1166117_2017-06-22_1013_BGRN_Analytic_s0467,149391,149753,9395,150106
440,440,584870_1368808_2017-06-27_1038_BGRN_Analytic_s0370,100756,100902,6344,101680
441,441,663913_1269014_2017-08-02_1042_BGRN_Analytic_s0413,121412,121593,7631,122118
442,442,660535_1066622_2017-08-01_1041_BGRN_Analytic_s0918,173149,174848,11078,177994
443,443,514940_1168617_2017-05-22_102d_BGRN_Analytic_s0416,0,0,0,0
444,444,570602_1166117_2017-06-22_1013_BGRN_Analytic_s0142,221972,222845,14014,224457
445,445,585726_1269313_2017-06-28_1010_BGRN_Analytic_s0668,170221,170766,10746,172238
446,446,514940_1168617_2017-05-22_102d_BGRN_Analytic_s0411,0,0,0,0
447,447,503058_1168617_2017-05-14_0e0f_BGRN_Analytic_s0159,0,0,0,0
448,448,660535_1066622_2017-08-01_1041_BGRN_Analytic_s0800,114835,115967,7343,117969
449,449,580411_1368808_2017-06-26_1007_BGRN_Analytic_s0060,144675,144872,9065,145034
450,450,584870_1368808_2017-06-27_1038_BGRN_Analytic_s0032,124264,124333,7779,124451
451,451,581200_1368610_2017-06-26_1030_BGRN_Analytic_s0372,139721,139806,8837,141939
452,452,631880_1066622_2017-07-18_101e_BGRN_Analytic_s0119,182594,183183,11461,183461
453,453,715013_1166017_2017-08-27_1032_BGRN_Analytic_s0004,226366,226303,14186,227496
454,454,498793_1166117_2017-05-11_0e14_BGRN_Analytic_s0366,45381,45458,2793,44166
455,455,684055_1269313_2017-08-12_0f43_BGRN_Analytic_s0118,5604,4940,180,2576
456,456,570602_1166117_2017-06-22_1013_BGRN_Analytic_s0474,204035,203945,12761,204515
457,457,585620_1166117_2017-06-28_0f22_BGRN_Analytic_s0369,195737,196512,12460,200312
458,458,613323_1268017_2017-07-10_103e_BGRN_Analytic_s0560,1004,1003,36,475
459,459,603777_1368808_2017-07-06_1041_BGRN_Analytic_s0678,196007,196729,12372,198416
460,460,585620_1166117_2017-06-28_0f22_BGRN_Analytic_s0329,204192,204988,12867,206250
461,461,660571_1269313_2017-08-01_1028_BGRN_Analytic_s0081,195297,196124,12279,196675
462,462,661490_1269014_2017-08-01_1024_BGRN_Analytic_s0153,189545,189621,11907,191058
463,463,613323_1268017_2017-07-10_103e_BGRN_Analytic_s0312,1325,1368,69,1030
464,464,590376_1066622_2017-06-30_101a_BGRN_Analytic_s0957,26745,26644,1565,24555
465,465,647540_1066622_2017-07-26_0e3a_BGRN_Analytic_s0451,154189,155053,9779,156717
466,466,647540_1066622_2017-07-26_0e3a_BGRN_Analytic_s0166,156883,157809,9940,158855
467,467,716222_1368610_2017-08-27_0e0f_BGRN_Analytic_s0843,0,0,0,0
468,468,514940_1168617_2017-05-22_102d_BGRN_Analytic_s0255,0,0,0,0
469,469,590376_1066622_2017-06-30_101a_BGRN_Analytic_s0170,15175,15247,932,14541
470,470,622194_1368808_2017-07-14_102d_BGRN_Analytic_s0485,153142,154048,9692,155340
471,471,592143_1269313_2017-07-01_1006_BGRN_Analytic_s0269,57180,56651,3482,55904
472,472,716222_1368610_2017-08-27_0e0f_BGRN_Analytic_s0688,0,0,0,0
473,473,676207_1269313_2017-08-08_0f15_BGRN_Analytic_s0046,107717,108195,6755,108172
474,474,715013_1166017_2017-08-27_1032_BGRN_Analytic_s0050,227528,227650,14271,228602
475,475,603777_1368808_2017-07-06_1041_BGRN_Analytic_s0442,187096,187716,11766,188273
476,476,570602_1166117_2017-06-22_1013_BGRN_Analytic_s0346,210625,211696,13328,214165
477,477,667525_1269014_2017-08-04_1022_BGRN_Analytic_s0286,150606,153164,9625,154484
478,478,624964_1066622_2017-07-15_0f28_BGRN_Analytic_s0086,5266,5785,337,5054
479,479,580411_1368808_2017-06-26_1007_BGRN_Analytic_s0346,141829,142987,8974,143843
480,480,635218_1368610_2017-07-20_1011_BGRN_Analytic_s0159,21619,21665,1349,21582
481,481,498793_1166117_2017-05-11_0e14_BGRN_Analytic_s0196,99268,95855,5929,95110
482,482,622194_1368808_2017-07-14_102d_BGRN_Analytic_s0754,115572,115571,7244,115922
483,483,647540_1066622_2017-07-26_0e3a_BGRN_Analytic_s0180,159519,162256,10325,166200
484,484,514940_1168617_2017-05-22_102d_BGRN_Analytic_s0157,0,0,0,0
485,485,684055_1269313_2017-08-12_0f43_BGRN_Analytic_s0523,18973,18776,1143,17684
486,486,570602_1166117_2017-06-22_1013_BGRN_Analytic_s0946,189890,189411,11905,190881
487,487,580411_1368808_2017-06-26_1007_BGRN_Analytic_s0569,185633,186766,11710,187750
488,488,584870_1368808_2017-06-27_1038_BGRN_Analytic_s0264,93041,93733,5834,93049
489,489,676207_1269313_2017-08-08_0f15_BGRN_Analytic_s0201,180312,180743,11366,182885
490,490,585726_1269313_2017-06-28_1010_BGRN_Analytic_s0965,48714,48641,3044,48591
491,491,624964_1066622_2017-07-15_0f28_BGRN_Analytic_s0027,4185,4463,264,3923
492,492,716222_1368610_2017-08-27_0e0f_BGRN_Analytic_s0362,0,0,0,0
493,493,590376_1066622_2017-06-30_101a_BGRN_Analytic_s0927,7691,7515,448,6940
494,494,622194_1368808_2017-07-14_102d_BGRN_Analytic_s0030,189744,189674,11852,189663
495,495,603777_1368808_2017-07-06_1041_BGRN_Analytic_s0396,174478,174441,10955,175379
496,496,684055_1269313_2017-08-12_0f43_BGRN_Analytic_s0504,9323,9254,493,7489
497,497,570602_1166117_2017-06-22_1013_BGRN_Analytic_s0759,44553,45122,2818,45093
498,498,693353_1066622_2017-08-17_1032_BGRN_Analytic_s0101,156347,157192,9923,159462
499,499,503058_1168617_2017-05-14_0e0f_BGRN_Analytic_s0223,0,0,0,0
500,500,660571_1269313_2017-08-01_1028_BGRN_Analytic_s0780,88110,88486,5574,89214
501,501,631880_1066622_2017-07-18_101e_BGRN_Analytic_s0658,153664,154287,9695,155373
502,502,503058_1168617_2017-05-14_0e0f_BGRN_Analytic_s0016,0,0,0,0
503,503,521630_1166117_2017-05-28_1008_BGRN_Analytic_s0086,204922,204080,12801,205556
504,504,580411_1368808_2017-06-26_1007_BGRN_Analytic_s0028,183329,183222,11475,183532
505,505,585726_1269313_2017-06-28_1010_BGRN_Analytic_s0791,162201,162280,10164,162529
506,506,613323_1268017_2017-07-10_103e_BGRN_Analytic_s0071,61939,62573,3774,59348
507,507,498793_1166117_2017-05-11_0e14_BGRN_Analytic_s0219,91139,90105,5694,91238
508,508,661490_1269014_2017-08-01_1024_BGRN_Analytic_s0220,170398,170187,10676,170699
509,509,682789_1269014_2017-08-10_1018_BGRN_Analytic_s0254,115857,116025,7292,116539
510,510,684055_1269313_2017-08-12_0f43_BGRN_Analytic_s0453,19438,18116,1050,16788
511,511,514940_1168617_2017-05-22_102d_BGRN_Analytic_s0600,0,0,0,0
512,512,492899_1166117_2017-05-06_1041_BGRN_Analytic_s0521,0,0,0,0
513,513,590376_1066622_2017-06-30_101a_BGRN_Analytic_s0517,86081,87376,5439,86649
514,514,622194_1368808_2017-07-14_102d_BGRN_Analytic_s0646,169120,169496,10666,170692
515,515,590376_1066622_2017-06-30_101a_BGRN_Analytic_s0737,121729,121517,7600,121510
516,516,656866_1269014_2017-07-30_1033_BGRN_Analytic_s0424,85457,85286,5348,85441
517,517,647540_1066622_2017-07-26_0e3a_BGRN_Analytic_s0523,151616,154448,9825,158233
518,518,585726_1269313_2017-06-28_1010_BGRN_Analytic_s0262,184891,185968,11646,186312
519,519,637302_1368610_2017-07-21_0f34_BGRN_Analytic_s0601,0,0,0,0
520,520,590376_1066622_2017-06-30_101a_BGRN_Analytic_s0864,15690,15327,916,14363
521,521,590376_1066622_2017-06-30_101a_BGRN_Analytic_s0527,179689,181959,11491,184688
522,522,584870_1368808_2017-06-27_1038_BGRN_Analytic_s0676,47177,46756,2920,46474
523,523,492899_1166117_2017-05-06_1041_BGRN_Analytic_s0679,0,0,0,0
524,524,622194_1368808_2017-07-14_102d_BGRN_Analytic_s0600,221659,221710,13901,222689
525,525,684055_1269313_2017-08-12_0f43_BGRN_Analytic_s0259,34458,36638,2007,30965
526,526,693353_1066622_2017-08-17_1032_BGRN_Analytic_s0151,128188,130136,8257,133365
527,527,580411_1368808_2017-06-26_1007_BGRN_Analytic_s0304,24007,23480,1381,21528
528,528,682789_1269014_2017-08-10_1018_BGRN_Analytic_s0161,180971,181130,11370,182401
529,529,647540_1066622_2017-07-26_0e3a_BGRN_Analytic_s0017,119498,120301,7652,123562
530,530,684055_1269313_2017-08-12_0f43_BGRN_Analytic_s0258,25270,25417,1384,21347
531,531,613323_1268017_2017-07-10_103e_BGRN_Analytic_s0240,845,850,48,793
532,532,663913_1269014_2017-08-02_1042_BGRN_Analytic_s0394,141235,141577,8918,143075
533,533,661490_1269014_2017-08-01_1024_BGRN_Analytic_s0842,81678,81856,5121,82076
534,534,592143_1269313_2017-07-01_1006_BGRN_Analytic_s0617,193644,194687,12234,196449
535,535,622194_1368808_2017-07-14_102d_BGRN_Analytic_s0497,89875,90250,5623,89636
536,536,640681_1269014_2017-07-23_1030_BGRN_Analytic_s0057,171951,172491,10859,174606
537,537,590376_1066622_2017-06-30_101a_BGRN_Analytic_s0430,121507,122634,7677,122822
538,538,590376_1066622_2017-06-30_101a_BGRN_Analytic_s0211,89028,90743,5645,90907
539,539,581200_1368610_2017-06-26_1030_BGRN_Analytic_s0414,144245,145302,9248,147884
540,540,590376_1066622_2017-06-30_101a_BGRN_Analytic_s0876,207723,211152,13407,215588
541,541,661490_1269014_2017-08-01_1024_BGRN_Analytic_s0702,161564,161698,10155,162707
542,542,580411_1368808_2017-06-26_1007_BGRN_Analytic_s0159,32151,31077,1848,29242
543,543,590376_1066622_2017-06-30_101a_BGRN_Analytic_s0499,181426,183021,11569,185467
544,544,613323_1268017_2017-07-10_103e_BGRN_Analytic_s0361,782,736,40,586
545,545,716222_1368610_2017-08-27_0e0f_BGRN_Analytic_s0876,0,0,0,0
546,546,637302_1368610_2017-07-21_0f34_BGRN_Analytic_s0204,154740,155549,9746,155886
547,547,503058_1168617_2017-05-14_0e0f_BGRN_Analytic_s0067,0,0,0,0
548,548,603777_1368808_2017-07-06_1041_BGRN_Analytic_s0004,187706,187507,11728,187717
549,549,661490_1269014_2017-08-01_1024_BGRN_Analytic_s0795,130724,130734,8210,131461
550,550,584870_1368808_2017-06-27_1038_BGRN_Analytic_s0441,109133,109263,6850,109318
551,551,622194_1368808_2017-07-14_102d_BGRN_Analytic_s0085,81351,81642,5125,82183
552,552,622194_1368808_2017-07-14_102d_BGRN_Analytic_s0541,177014,178353,11207,180123
553,553,498793_1166117_2017-05-11_0e14_BGRN_Analytic_s0382,53939,53606,3304,52392
554,554,590376_1066622_2017-06-30_101a_BGRN_Analytic_s0089,58358,59026,3650,58329
555,555,584870_1368808_2017-06-27_1038_BGRN_Analytic_s0664,185467,186036,11686,187276
556,556,585726_1269313_2017-06-28_1010_BGRN_Analytic_s0580,165946,166217,10401,166280
557,557,585620_1166117_2017-06-28_0f22_BGRN_Analytic_s0191,77117,77780,4854,77570
558,558,693353_1066622_2017-08-17_1032_BGRN_Analytic_s0221,131921,131113,8256,132274
559,559,637302_1368610_2017-07-21_0f34_BGRN_Analytic_s0072,85182,85286,5302,84405
560,560,656866_1269014_2017-07-30_1033_BGRN_Analytic_s0371,118972,119324,7484,119942
561,561,684055_1269313_2017-08-12_0f43_BGRN_Analytic_s0507,44480,47134,2781,43726
562,562,684055_1269313_2017-08-12_0f43_BGRN_Analytic_s0579,6912,7780,358,5288
563,563,682789_1269014_2017-08-10_1018_BGRN_Analytic_s0096,34726,34286,2097,33492
564,564,580411_1368808_2017-06-26_1007_BGRN_Analytic_s0975,78297,78463,4942,78739
565,565,631880_1066622_2017-07-18_101e_BGRN_Analytic_s0018,190208,190868,11979,191756
566,566,590376_1066622_2017-06-30_101a_BGRN_Analytic_s0758,155490,158434,10015,160871
567,567,660535_1066622_2017-08-01_1041_BGRN_Analytic_s0871,117015,117735,7399,119128
568,568,603777_1368808_2017-07-06_1041_BGRN_Analytic_s0244,93880,93885,5863,93821
569,569,663913_1269014_2017-08-02_1042_BGRN_Analytic_s0639,112600,113055,7085,113554
570,570,661490_1269014_2017-08-01_1024_BGRN_Analytic_s0074,17442,17462,1083,17551
571,571,585726_1269313_2017-06-28_1010_BGRN_Analytic_s0800,163826,164939,10359,166524
572,572,592143_1269313_2017-07-01_1006_BGRN_Analytic_s0872,86489,87219,5451,87393
573,573,647540_1066622_2017-07-26_0e3a_BGRN_Analytic_s0363,139694,142416,9075,146399
574,574,585726_1269313_2017-06-28_1010_BGRN_Analytic_s0160,141354,141476,8854,141451
575,575,661490_1269014_2017-08-01_1024_BGRN_Analytic_s0521,194462,194442,12171,195051
576,576,693353_1066622_2017-08-17_1032_BGRN_Analytic_s0106,104261,100561,6323,101118
577,577,580411_1368808_2017-06-26_1007_BGRN_Analytic_s0889,190126,190300,11963,191551
578,578,570602_1166117_2017-06-22_1013_BGRN_Analytic_s0138,221202,221455,13920,222875
579,579,637302_1368610_2017-07-21_0f34_BGRN_Analytic_s0606,142252,142221,8948,143179
580,580,682467_1368610_2017-08-11_102d_BGRN_Analytic_s0544,0,0,0,0
581,581,585726_1269313_2017-06-28_1010_BGRN_Analytic_s0187,168136,169263,10607,169897
582,582,492899_1166117_2017-05-06_1041_BGRN_Analytic_s0018,0,0,0,0
583,583,631880_1066622_2017-07-18_101e_BGRN_Analytic_s0335,168376,168198,10521,168188
584,584,603777_1368808_2017-07-06_1041_BGRN_Analytic_s0469,92273,92507,5802,92979
585,585,603777_1368808_2017-07-06_1041_BGRN_Analytic_s0443,211423,212102,13301,213465
586,586,585726_1269313_2017-06-28_1010_BGRN_Analytic_s0643,193323,194346,12200,195490
587,587,631880_1066622_2017-07-18_101e_BGRN_Analytic_s0472,117611,118564,7446,119099
588,588,660535_1066622_2017-08-01_1041_BGRN_Analytic_s1010,183024,185799,11871,190765
589,589,613323_1268017_2017-07-10_103e_BGRN_Analytic_s0529,2913,2836,174,2647
590,590,503058_1168617_2017-05-14_0e0f_BGRN_Analytic_s0240,0,0,0,0
591,591,640681_1269014_2017-07-23_1030_BGRN_Analytic_s0219,167416,167615,10565,169335
592,592,624964_1066622_2017-07-15_0f28_BGRN_Analytic_s0538,23462,23548,1447,22958
593,593,667525_1269014_2017-08-04_1022_BGRN_Analytic_s0075,102199,102514,6422,102717
594,594,660571_1269313_2017-08-01_1028_BGRN_Analytic_s0307,174781,175315,10983,176225
595,595,492899_1166117_2017-05-06_1041_BGRN_Analytic_s0143,0,0,0,0
596,596,682467_1368610_2017-08-11_102d_BGRN_Analytic_s0197,0,0,0,0
597,597,581200_1368610_2017-06-26_1030_BGRN_Analytic_s0061,8492,8424,511,7975
598,598,684055_1269313_2017-08-12_0f43_BGRN_Analytic_s0694,1750,1778,60,839
599,599,613323_1268017_2017-07-10_103e_BGRN_Analytic_s0088,41006,41291,2532,39720
600,600,622194_1368808_2017-07-14_102d_BGRN_Analytic_s0905,60513,60504,3789,60605
601,601,570602_1166117_2017-06-22_1013_BGRN_Analytic_s0512,204006,203873,12758,204436
602,602,585620_1166117_2017-06-28_0f22_BGRN_Analytic_s0018,2852,2910,171,2688
603,603,603777_1368808_2017-07-06_1041_BGRN_Analytic_s0189,124555,125070,7828,125170
604,604,624964_1066622_2017-07-15_0f28_BGRN_Analytic_s0178,15175,15269,933,14839
605,605,637302_1368610_2017-07-21_0f34_BGRN_Analytic_s0711,0,0,0,0
606,606,622194_1368808_2017-07-14_102d_BGRN_Analytic_s0959,153821,153859,9665,155103
607,607,622194_1368808_2017-07-14_102d_BGRN_Analytic_s0626,84879,85482,5295,84613
608,608,635218_1368610_2017-07-20_1011_BGRN_Analytic_s0047,3712,3698,234,3796
609,609,585620_1166117_2017-06-28_0f22_BGRN_Analytic_s0324,215181,215345,13482,215735
610,610,592143_1269313_2017-07-01_1006_BGRN_Analytic_s0619,173169,173354,10847,173707
611,611,603777_1368808_2017-07-06_1041_BGRN_Analytic_s0582,62410,62425,3906,62565
612,612,631880_1066622_2017-07-18_101e_BGRN_Analytic_s0341,115243,115644,7270,116232
613,613,498793_1166117_2017-05-11_0e14_BGRN_Analytic_s0547,22855,22715,1430,22629
614,614,715013_1166017_2017-08-27_1032_BGRN_Analytic_s0190,201203,200847,12588,201634
615,615,715013_1166017_2017-08-27_1032_BGRN_Analytic_s0123,204888,205349,13023,209883
616,616,624964_1066622_2017-07-15_0f28_BGRN_Analytic_s0273,17564,17710,1045,16207
617,617,667525_1269014_2017-08-04_1022_BGRN_Analytic_s0163,164321,164628,10290,164947
618,618,498793_1166117_2017-05-11_0e14_BGRN_Analytic_s0344,82050,81031,5056,80708
619,619,584870_1368808_2017-06-27_1038_BGRN_Analytic_s0199,140499,141115,8856,142541
620,620,624964_1066622_2017-07-15_0f28_BGRN_Analytic_s0257,10294,10249,582,8945
621,621,592143_1269313_2017-07-01_1006_BGRN_Analytic_s0242,120112,121365,7584,121326
622,622,624964_1066622_2017-07-15_0f28_BGRN_Analytic_s0031,65436,64323,3950,62396
623,623,590376_1066622_2017-06-30_101a_BGRN_Analytic_s0571,74773,74500,4633,73636
624,624,663913_1269014_2017-08-02_1042_BGRN_Analytic_s0011,1195,1197,74,1169
625,625,613323_1268017_2017-07-10_103e_BGRN_Analytic_s0221,48,46,2,29
626,626,624964_1066622_2017-07-15_0f28_BGRN_Analytic_s0731,14903,15052,919,14489
627,627,585726_1269313_2017-06-28_1010_BGRN_Analytic_s0133,177212,178509,11213,179840
628,628,592143_1269313_2017-07-01_1006_BGRN_Analytic_s0346,106061,107855,6781,108031
629,629,656866_1269014_2017-07-30_1033_BGRN_Analytic_s0227,168809,169168,10615,170250
630,630,570602_1166117_2017-06-22_1013_BGRN_Analytic_s0160,226514,226576,14176,226785
631,631,580411_1368808_2017-06-26_1007_BGRN_Analytic_s0615,60640,60549,3711,58713
632,632,693353_1066622_2017-08-17_1032_BGRN_Analytic_s0196,160352,162059,10278,166119
633,633,570602_1166117_2017-06-22_1013_BGRN_Analytic_s0377,175595,176220,11032,176901
634,634,622194_1368808_2017-07-14_102d_BGRN_Analytic_s0092,61048,61039,3812,60927
635,635,624964_1066622_2017-07-15_0f28_BGRN_Analytic_s0824,56836,57185,3532,56298
636,636,631880_1066622_2017-07-18_101e_BGRN_Analytic_s0250,180997,181558,11375,182155
637,637,682467_1368610_2017-08-11_102d_BGRN_Analytic_s0456,432,413,16,265
638,638,622194_1368808_2017-07-14_102d_BGRN_Analytic_s0554,153868,154517,9717,155582
639,639,656866_1269014_2017-07-30_1033_BGRN_Analytic_s0217,35763,36253,2242,35969
640,640,492899_1166117_2017-05-06_1041_BGRN_Analytic_s0041,0,0,0,0
641,641,581200_1368610_2017-06-26_1030_BGRN_Analytic_s0182,95545,95499,5992,95619
642,642,590376_1066622_2017-06-30_101a_BGRN_Analytic_s0126,37471,38635,2381,37923
643,643,667525_1269014_2017-08-04_1022_BGRN_Analytic_s0187,152369,155011,9699,155219
644,644,570602_1166117_2017-06-22_1013_BGRN_Analytic_s0302,161493,161403,10075,161399
645,645,592143_1269313_2017-07-01_1006_BGRN_Analytic_s0815,137232,137973,8657,138672
646,646,581200_1368610_2017-06-26_1030_BGRN_Analytic_s0389,435,442,24,438
647,647,660535_1066622_2017-08-01_1041_BGRN_Analytic_s0172,64002,64843,4079,65201
648,648,656866_1269014_2017-07-30_1033_BGRN_Analytic_s0537,46040,46397,2889,46461
649,649,640681_1269014_2017-07-23_1030_BGRN_Analytic_s0080,128290,128185,8040,128637
650,650,667525_1269014_2017-08-04_1022_BGRN_Analytic_s0248,143668,144372,9037,144775
651,651,637302_1368610_2017-07-21_0f34_BGRN_Analytic_s0168,118024,118372,7411,118474
652,652,580411_1368808_2017-06-26_1007_BGRN_Analytic_s0541,93343,93938,5911,94474
653,653,580411_1368808_2017-06-26_1007_BGRN_Analytic_s0630,165471,166288,10466,167694
654,654,570602_1166117_2017-06-22_1013_BGRN_Analytic_s0820,165721,166358,10423,166773
655,655,514940_1168617_2017-05-22_102d_BGRN_Analytic_s0538,0,0,0,0
656,656,631880_1066622_2017-07-18_101e_BGRN_Analytic_s0566,170639,172884,10876,174681
657,657,647540_1066622_2017-07-26_0e3a_BGRN_Analytic_s0386,103840,106136,6683,107444
658,658,570602_1166117_2017-06-22_1013_BGRN_Analytic_s0879,192424,192815,12082,193387
659,659,660571_1269313_2017-08-01_1028_BGRN_Analytic_s0279,157484,157898,9905,158643
660,660,661490_1269014_2017-08-01_1024_BGRN_Analytic_s0118,57967,57861,3641,58356
661,661,647540_1066622_2017-07-26_0e3a_BGRN_Analytic_s0244,160728,164865,10466,168426
662,662,592143_1269313_2017-07-01_1006_BGRN_Analytic_s0321,138097,138277,8640,138279
663,663,613323_1268017_2017-07-10_103e_BGRN_Analytic_s0555,1612,1484,80,1197
664,664,635218_1368610_2017-07-20_1011_BGRN_Analytic_s0133,9744,9714,606,9670
665,665,498793_1166117_2017-05-11_0e14_BGRN_Analytic_s0337,51168,50023,3117,49338
666,666,631880_1066622_2017-07-18_101e_BGRN_Analytic_s0155,216209,217024,13597,217675
667,667,503058_1168617_2017-05-14_0e0f_BGRN_Analytic_s0209,0,0,0,0
668,668,613323_1268017_2017-07-10_103e_BGRN_Analytic_s0500,510,410,24,309
669,669,580411_1368808_2017-06-26_1007_BGRN_Analytic_s0231,95121,94901,5963,95338
670,670,613323_1268017_2017-07-10_103e_BGRN_Analytic_s0098,21306,21252,1269,20082
671,671,660535_1066622_2017-08-01_1041_BGRN_Analytic_s0880,155754,155536,9867,158660
672,672,647540_1066622_2017-07-26_0e3a_BGRN_Analytic_s0426,193089,196928,12480,200583
673,673,663913_1269014_2017-08-02_1042_BGRN_Analytic_s0694,156814,158340,9926,158880
674,674,661490_1269014_2017-08-01_1024_BGRN_Analytic_s0391,183426,184266,11616,186705
675,675,580411_1368808_2017-06-26_1007_BGRN_Analytic_s0744,101994,101765,6345,101030
676,676,584870_1368808_2017-06-27_1038_BGRN_Analytic_s0663,165713,165829,10378,166227
677,677,667525_1269014_2017-08-04_1022_BGRN_Analytic_s0353,57299,57272,3574,57128
678,678,715013_1166017_2017-08-27_1032_BGRN_Analytic_s0161,96548,96523,6047,97257
679,679,640681_1269014_2017-07-23_1030_BGRN_Analytic_s0369,140755,141546,8876,142471
680,680,640681_1269014_2017-07-23_1030_BGRN_Analytic_s0170,176611,177101,11075,177704
681,681,637302_1368610_2017-07-21_0f34_BGRN_Analytic_s0502,159905,159986,10045,160971
682,682,663913_1269014_2017-08-02_1042_BGRN_Analytic_s0702,108603,109163,6832,109287
683,683,716222_1368610_2017-08-27_0e0f_BGRN_Analytic_s0865,0,0,0,0
684,684,660571_1269313_2017-08-01_1028_BGRN_Analytic_s0221,183009,183261,11485,183978
685,685,590376_1066622_2017-06-30_101a_BGRN_Analytic_s0372,79617,81049,5096,81419
686,686,663913_1269014_2017-08-02_1042_BGRN_Analytic_s0495,138342,138595,8655,138940
687,687,660535_1066622_2017-08-01_1041_BGRN_Analytic_s0902,114706,115265,7256,116583
688,688,592143_1269313_2017-07-01_1006_BGRN_Analytic_s0688,164961,166253,10470,168134
689,689,592143_1269313_2017-07-01_1006_BGRN_Analytic_s0273,88213,88946,5566,89076
690,690,663913_1269014_2017-08-02_1042_BGRN_Analytic_s0631,152424,153221,9646,154775
691,691,716222_1368610_2017-08-27_0e0f_BGRN_Analytic_s0114,2599,2496,156,2417
692,692,584870_1368808_2017-06-27_1038_BGRN_Analytic_s0227,84163,84623,5285,84575
693,693,624964_1066622_2017-07-15_0f28_BGRN_Analytic_s0826,7293,7154,431,6721
694,694,492899_1166117_2017-05-06_1041_BGRN_Analytic_s0090,0,0,0,0
695,695,492899_1166117_2017-05-06_1041_BGRN_Analytic_s0445,0,0,0,0
696,696,514940_1168617_2017-05-22_102d_BGRN_Analytic_s0076,0,0,0,0
697,697,580411_1368808_2017-06-26_1007_BGRN_Analytic_s0565,117446,117633,7377,118077
698,698,580411_1368808_2017-06-26_1007_BGRN_Analytic_s0928,166328,167585,10591,169950
699,699,514940_1168617_2017-05-22_102d_BGRN_Analytic_s0548,0,0,0,0
700,700,663913_1269014_2017-08-02_1042_BGRN_Analytic_s0431,89968,90147,5640,90240
701,701,613323_1268017_2017-07-10_103e_BGRN_Analytic_s0180,479,466,23,313
702,702,603777_1368808_2017-07-06_1041_BGRN_Analytic_s0281,28195,28397,1758,27839
703,703,581200_1368610_2017-06-26_1030_BGRN_Analytic_s0026,42250,42660,2651,42217
704,704,498793_1166117_2017-05-11_0e14_BGRN_Analytic_s0384,19298,19358,1129,17597
705,705,613323_1268017_2017-07-10_103e_BGRN_Analytic_s0227,1074,1137,45,636
706,706,647540_1066622_2017-07-26_0e3a_BGRN_Analytic_s0697,132224,134640,8411,134993
707,707,684055_1269313_2017-08-12_0f43_BGRN_Analytic_s0035,18377,19422,1060,16611
708,708,684055_1269313_2017-08-12_0f43_BGRN_Analytic_s0676,1521,1572,62,820
709,709,656866_1269014_2017-07-30_1033_BGRN_Analytic_s0471,61650,61614,3840,61529
710,710,613323_1268017_2017-07-10_103e_BGRN_Analytic_s0195,1528,1461,77,1236
711,711,661490_1269014_2017-08-01_1024_BGRN_Analytic_s0710,158818,159055,9991,160232
712,712,514940_1168617_2017-05-22_102d_BGRN_Analytic_s0723,0,0,0,0
713,713,647540_1066622_2017-07-26_0e3a_BGRN_Analytic_s0274,98549,101158,6386,102308
714,714,603777_1368808_2017-07-06_1041_BGRN_Analytic_s0073,160546,161460,10116,162020
715,715,663913_1269014_2017-08-02_1042_BGRN_Analytic_s0421,122510,122939,7731,123853
716,716,716222_1368610_2017-08-27_0e0f_BGRN_Analytic_s0285,28500,29596,1826,29000
717,717,663913_1269014_2017-08-02_1042_BGRN_Analytic_s0100,51593,51737,3237,51581
718,718,514940_1168617_2017-05-22_102d_BGRN_Analytic_s0289,0,0,0,0
719,719,613323_1268017_2017-07-10_103e_BGRN_Analytic_s0103,49826,49906,3081,49119
720,720,676207_1269313_2017-08-08_0f15_BGRN_Analytic_s0208,138668,138825,8707,139170
721,721,584870_1368808_2017-06-27_1038_BGRN_Analytic_s0110,141600,141382,8871,142020
722,722,647540_1066622_2017-07-26_0e3a_BGRN_Analytic_s0626,146127,148706,9416,151444
723,723,660571_1269313_2017-08-01_1028_BGRN_Analytic_s0382,200589,201676,12648,202490
724,724,682467_1368610_2017-08-11_102d_BGRN_Analytic_s0524,2773,2573,138,2194
725,725,682789_1269014_2017-08-10_1018_BGRN_Analytic_s0003,163815,165806,10423,167407
726,726,682467_1368610_2017-08-11_102d_BGRN_Analytic_s0180,0,0,0,0
727,727,663913_1269014_2017-08-02_1042_BGRN_Analytic_s0712,103058,103322,6476,103623
728,728,492899_1166117_2017-05-06_1041_BGRN_Analytic_s0193,0,0,0,0
729,729,647540_1066622_2017-07-26_0e3a_BGRN_Analytic_s0422,193161,196227,12429,199575
730,730,622194_1368808_2017-07-14_102d_BGRN_Analytic_s0481,172597,173235,10903,174768
731,731,498793_1166117_2017-05-11_0e14_BGRN_Analytic_s0493,33296,33169,2065,32578
732,732,693353_1066622_2017-08-17_1032_BGRN_Analytic_s0282,131597,130513,8180,131469
733,733,663913_1269014_2017-08-02_1042_BGRN_Analytic_s0324,155310,156053,9821,157204
734,734,585620_1166117_2017-06-28_0f22_BGRN_Analytic_s0281,151348,151683,9492,151692
735,735,637302_1368610_2017-07-21_0f34_BGRN_Analytic_s0609,195238,195366,12276,196424
736,736,656866_1269014_2017-07-30_1033_BGRN_Analytic_s0374,113111,113028,7058,112913
737,737,603777_1368808_2017-07-06_1041_BGRN_Analytic_s0459,66001,66082,4157,66908
738,738,663913_1269014_2017-08-02_1042_BGRN_Analytic_s0420,132977,133423,8360,134176
739,739,498793_1166117_2017-05-11_0e14_BGRN_Analytic_s0075,129323,127420,8087,130472
740,740,660535_1066622_2017-08-01_1041_BGRN_Analytic_s0732,104823,106644,6738,108037
741,741,514940_1168617_2017-05-22_102d_BGRN_Analytic_s0524,0,0,0,0
742,742,613323_1268017_2017-07-10_103e_BGRN_Analytic_s0130,13023,13223,777,12240
743,743,590376_1066622_2017-06-30_101a_BGRN_Analytic_s0414,126039,127497,8080,129620
744,744,585726_1269313_2017-06-28_1010_BGRN_Analytic_s0304,197898,198209,12407,198615
745,745,603777_1368808_2017-07-06_1041_BGRN_Analytic_s0589,179227,180111,11294,181033
746,746,570602_1166117_2017-06-22_1013_BGRN_Analytic_s0078,227658,227913,14280,228576
747,747,624964_1066622_2017-07-15_0f28_BGRN_Analytic_s0784,4777,4822,261,3893
748,748,514940_1168617_2017-05-22_102d_BGRN_Analytic_s0688,0,0,0,0
749,749,492899_1166117_2017-05-06_1041_BGRN_Analytic_s0212,0,0,0,0
750,750,514940_1168617_2017-05-22_102d_BGRN_Analytic_s0615,0,0,0,0
751,751,514940_1168617_2017-05-22_102d_BGRN_Analytic_s0193,0,0,0,0
752,752,682789_1269014_2017-08-10_1018_BGRN_Analytic_s0124,114140,114622,7191,115009
753,753,660535_1066622_2017-08-01_1041_BGRN_Analytic_s0662,128648,130613,8236,131874
754,754,637302_1368610_2017-07-21_0f34_BGRN_Analytic_s0076,112100,112315,7063,113103
755,755,660535_1066622_2017-08-01_1041_BGRN_Analytic_s0630,141134,143250,9058,145901
756,756,570602_1166117_2017-06-22_1013_BGRN_Analytic_s0937,208045,208681,13062,209165
757,757,570602_1166117_2017-06-22_1013_BGRN_Analytic_s0780,149663,147824,9219,147833
758,758,585620_1166117_2017-06-28_0f22_BGRN_Analytic_s0350,210207,211304,13307,213199
759,759,488779_1166017_2017-05-02_102e_BGRN_Analytic_s0012,18,20,0,8
760,760,660535_1066622_2017-08-01_1041_BGRN_Analytic_s0466,82317,84081,5279,84922
761,761,656866_1269014_2017-07-30_1033_BGRN_Analytic_s0002,28701,28779,1773,28561
762,762,661490_1269014_2017-08-01_1024_BGRN_Analytic_s0354,169087,168879,10571,168954
763,763,624964_1066622_2017-07-15_0f28_BGRN_Analytic_s0501,10623,10850,601,9018
764,764,663913_1269014_2017-08-02_1042_BGRN_Analytic_s0340,200836,201712,12650,202684
765,765,622194_1368808_2017-07-14_102d_BGRN_Analytic_s0310,210238,210137,13151,210515
766,766,622194_1368808_2017-07-14_102d_BGRN_Analytic_s0299,83124,84034,5233,83494
767,767,715013_1166017_2017-08-27_1032_BGRN_Analytic_s0036,222361,222289,13959,223733
768,768,637302_1368610_2017-07-21_0f34_BGRN_Analytic_s0664,199170,199541,12555,201207
769,769,581200_1368610_2017-06-26_1030_BGRN_Analytic_s0111,60394,59998,3701,59367
770,770,590376_1066622_2017-06-30_101a_BGRN_Analytic_s0082,56758,57668,3597,57695
771,771,635218_1368610_2017-07-20_1011_BGRN_Analytic_s0035,20577,20719,1300,20862
772,772,640681_1269014_2017-07-23_1030_BGRN_Analytic_s0203,181755,181965,11447,183255
773,773,660571_1269313_2017-08-01_1028_BGRN_Analytic_s0163,184402,184757,11564,185341
774,774,660571_1269313_2017-08-01_1028_BGRN_Analytic_s0086,216509,216816,13565,217326
775,775,631880_1066622_2017-07-18_101e_BGRN_Analytic_s0871,183251,184904,11613,186455
776,776,631880_1066622_2017-07-18_101e_BGRN_Analytic_s0791,178182,178616,11208,179256
777,777,715013_1166017_2017-08-27_1032_BGRN_Analytic_s0152,129685,128848,8076,130043
778,778,682467_1368610_2017-08-11_102d_BGRN_Analytic_s0096,0,0,0,0
779,779,498793_1166117_2017-05-11_0e14_BGRN_Analytic_s0495,10150,10107,588,8997
780,780,631880_1066622_2017-07-18_101e_BGRN_Analytic_s0848,157025,157496,9960,159723
781,781,492899_1166117_2017-05-06_1041_BGRN_Analytic_s0848,0,0,0,0
782,782,624964_1066622_2017-07-15_0f28_BGRN_Analytic_s0616,7371,7058,425,6524
783,783,660571_1269313_2017-08-01_1028_BGRN_Analytic_s0058,199284,199748,12573,201022
784,784,514940_1168617_2017-05-22_102d_BGRN_Analytic_s0104,0,0,0,0
785,785,716222_1368610_2017-08-27_0e0f_BGRN_Analytic_s0526,0,0,0,0
786,786,631880_1066622_2017-07-18_101e_BGRN_Analytic_s0600,210402,212183,13353,214572
787,787,580411_1368808_2017-06-26_1007_BGRN_Analytic_s0772,123985,125180,7869,126028
788,788,622194_1368808_2017-07-14_102d_BGRN_Analytic_s0050,161751,161799,10118,162065
789,789,492899_1166117_2017-05-06_1041_BGRN_Analytic_s0858,0,0,0,0
790,790,647540_1066622_2017-07-26_0e3a_BGRN_Analytic_s0677,109120,110518,6972,111926
791,791,581200_1368610_2017-06-26_1030_BGRN_Analytic_s0385,111214,112512,6970,110814
792,792,640681_1269014_2017-07-23_1030_BGRN_Analytic_s0473,142251,142240,8942,143339
793,793,514940_1168617_2017-05-22_102d_BGRN_Analytic_s0247,0,0,0,0
794,794,660571_1269313_2017-08-01_1028_BGRN_Analytic_s0205,194083,194458,12187,194930
795,795,581200_1368610_2017-06-26_1030_BGRN_Analytic_s0488,85929,86174,5335,85125
796,796,640681_1269014_2017-07-23_1030_BGRN_Analytic_s0300,156920,156983,9825,157189
797,797,716222_1368610_2017-08-27_0e0f_BGRN_Analytic_s0916,0,0,0,0
798,798,660535_1066622_2017-08-01_1041_BGRN_Analytic_s0754,188831,189921,12104,194690
799,799,514940_1168617_2017-05-22_102d_BGRN_Analytic_s0446,0,0,0,0
800,800,603777_1368808_2017-07-06_1041_BGRN_Analytic_s0173,65122,65688,4094,65467
801,801,585726_1269313_2017-06-28_1010_BGRN_Analytic_s0360,197216,198195,12412,198750
802,802,647540_1066622_2017-07-26_0e3a_BGRN_Analytic_s0880,173765,176254,11181,179304
803,803,603777_1368808_2017-07-06_1041_BGRN_Analytic_s0153,95178,96429,6036,96497
804,804,660535_1066622_2017-08-01_1041_BGRN_Analytic_s0748,166273,167373,10596,170131
805,805,580411_1368808_2017-06-26_1007_BGRN_Analytic_s0547,53011,53016,3284,52380
806,806,660535_1066622_2017-08-01_1041_BGRN_Analytic_s0962,189914,191043,12100,194598
807,807,585726_1269313_2017-06-28_1010_BGRN_Analytic_s0736,192618,193451,12130,194214
808,808,631880_1066622_2017-07-18_101e_BGRN_Analytic_s0266,146065,147173,9313,149965
809,809,684055_1269313_2017-08-12_0f43_BGRN_Analytic_s0119,6097,5042,218,3238
810,810,684055_1269313_2017-08-12_0f43_BGRN_Analytic_s0591,8849,9473,464,6690
811,811,585620_1166117_2017-06-28_0f22_BGRN_Analytic_s0097,12173,12281,751,11853
812,812,684055_1269313_2017-08-12_0f43_BGRN_Analytic_s0508,38569,41307,2372,37290
813,813,488779_1166017_2017-05-02_102e_BGRN_Analytic_s0083,45,67,1,13
814,814,514940_1168617_2017-05-22_102d_BGRN_Analytic_s0212,0,0,0,0
815,815,656866_1269014_2017-07-30_1033_BGRN_Analytic_s0096,0,0,0,0
816,816,647540_1066622_2017-07-26_0e3a_BGRN_Analytic_s0464,124566,124288,7869,126641
817,817,660571_1269313_2017-08-01_1028_BGRN_Analytic_s0425,141829,141813,8877,142083
818,818,492899_1166117_2017-05-06_1041_BGRN_Analytic_s0657,0,0,0,0
819,819,590376_1066622_2017-06-30_101a_BGRN_Analytic_s0759,167285,170167,10786,173563
820,820,581200_1368610_2017-06-26_1030_BGRN_Analytic_s0067,55097,55421,3409,54119
821,821,635218_1368610_2017-07-20_1011_BGRN_Analytic_s0164,25468,25531,1594,25495
822,822,580411_1368808_2017-06-26_1007_BGRN_Analytic_s0099,173443,174696,11061,177479
823,823,716222_1368610_2017-08-27_0e0f_BGRN_Analytic_s0079,1,0,0,0
824,824,660535_1066622_2017-08-01_1041_BGRN_Analytic_s0232,170543,171597,10789,172750
825,825,716222_1368610_2017-08-27_0e0f_BGRN_Analytic_s0733,0,0,0,0
826,826,624964_1066622_2017-07-15_0f28_BGRN_Analytic_s0841,31721,32158,1911,29199
827,827,624964_1066622_2017-07-15_0f28_BGRN_Analytic_s0653,48370,48253,2994,47721
828,828,585726_1269313_2017-06-28_1010_BGRN_Analytic_s0519,107555,107538,6742,107617
829,829,647540_1066622_2017-07-26_0e3a_BGRN_Analytic_s0659,183024,185564,11748,188997
830,830,592143_1269313_2017-07-01_1006_BGRN_Analytic_s0311,18155,17625,1055,16702
831,831,660571_1269313_2017-08-01_1028_BGRN_Analytic_s0128,191385,191432,11972,191430
832,832,661490_1269014_2017-08-01_1024_BGRN_Analytic_s0775,164102,164327,10330,165958
833,833,660535_1066622_2017-08-01_1041_BGRN_Analytic_s0056,62135,62795,3919,62907
834,834,656866_1269014_2017-07-30_1033_BGRN_Analytic_s0181,125404,126590,7908,126404
835,835,521630_1166117_2017-05-28_1008_BGRN_Analytic_s0024,187670,188261,11766,188282
836,836,581200_1368610_2017-06-26_1030_BGRN_Analytic_s0185,102701,103499,6443,102321
837,837,585726_1269313_2017-06-28_1010_BGRN_Analytic_s0275,175681,176454,11065,177403
838,838,647540_1066622_2017-07-26_0e3a_BGRN_Analytic_s0788,139587,141491,8884,141850
839,839,660535_1066622_2017-08-01_1041_BGRN_Analytic_s0176,155059,155837,9824,157419
840,840,647540_1066622_2017-07-26_0e3a_BGRN_Analytic_s0345,182485,186572,11848,191024
841,841,492899_1166117_2017-05-06_1041_BGRN_Analytic_s0513,0,0,0,0
842,842,592143_1269313_2017-07-01_1006_BGRN_Analytic_s0743,200746,201635,12697,203958
843,843,640681_1269014_2017-07-23_1030_BGRN_Analytic_s0264,190211,190229,11906,190602
844,844,660535_1066622_2017-08-01_1041_BGRN_Analytic_s0859,149534,150831,9528,153543
845,845,660535_1066622_2017-08-01_1041_BGRN_Analytic_s0719,44991,45073,2824,45031
846,846,716222_1368610_2017-08-27_0e0f_BGRN_Analytic_s0428,0,0,0,0
847,847,622194_1368808_2017-07-14_102d_BGRN_Analytic_s0791,14124,14080,881,14161
848,848,585726_1269313_2017-06-28_1010_BGRN_Analytic_s0162,146051,146611,9192,146931
849,849,514940_1168617_2017-05-22_102d_BGRN_Analytic_s0553,0,0,0,0
850,850,570602_1166117_2017-06-22_1013_BGRN_Analytic_s0243,207643,207942,13032,208716
851,851,660571_1269313_2017-08-01_1028_BGRN_Analytic_s0094,98799,98709,6155,98525
852,852,580411_1368808_2017-06-26_1007_BGRN_Analytic_s0622,14020,13617,784,12299
853,853,661490_1269014_2017-08-01_1024_BGRN_Analytic_s0063,44929,44949,2814,45036
854,854,590376_1066622_2017-06-30_101a_BGRN_Analytic_s0535,151110,151800,9595,154251
855,855,585726_1269313_2017-06-28_1010_BGRN_Analytic_s0603,201139,202071,12729,204086
856,856,514940_1168617_2017-05-22_102d_BGRN_Analytic_s0487,0,0,0,0
857,857,660535_1066622_2017-08-01_1041_BGRN_Analytic_s0992,153262,153885,9722,155910
858,858,660571_1269313_2017-08-01_1028_BGRN_Analytic_s0078,166322,166625,10457,167218
859,859,592143_1269313_2017-07-01_1006_BGRN_Analytic_s0554,161651,161664,10130,162180
860,860,624964_1066622_2017-07-15_0f28_BGRN_Analytic_s0262,35171,35016,2103,32894
861,861,663913_1269014_2017-08-02_1042_BGRN_Analytic_s0673,163623,164106,10288,164749
862,862,624964_1066622_2017-07-15_0f28_BGRN_Analytic_s0010,13018,13170,779,12241
863,863,660535_1066622_2017-08-01_1041_BGRN_Analytic_s1002,161398,162485,10223,164328
864,864,580411_1368808_2017-06-26_1007_BGRN_Analytic_s0377,155948,156931,9822,157394
865,865,656866_1269014_2017-07-30_1033_BGRN_Analytic_s0303,83842,83880,5250,84142
866,866,661490_1269014_2017-08-01_1024_BGRN_Analytic_s0026,2529,2483,152,2457
867,867,585620_1166117_2017-06-28_0f22_BGRN_Analytic_s0361,74746,75105,4718,75483
868,868,584870_1368808_2017-06-27_1038_BGRN_Analytic_s0314,37430,36524,2234,35188
869,869,622194_1368808_2017-07-14_102d_BGRN_Analytic_s0223,157128,157555,9884,158339
870,870,716222_1368610_2017-08-27_0e0f_BGRN_Analytic_s0330,4,2,0,0
871,871,682467_1368610_2017-08-11_102d_BGRN_Analytic_s0419,0,0,0,0
872,872,637302_1368610_2017-07-21_0f34_BGRN_Analytic_s0331,116324,116256,7252,116216
873,873,661490_1269014_2017-08-01_1024_BGRN_Analytic_s0065,3966,3927,243,3925
874,874,640681_1269014_2017-07-23_1030_BGRN_Analytic_s0233,182801,183101,11455,183618
875,875,660535_1066622_2017-08-01_1041_BGRN_Analytic_s0813,92199,92901,5871,94045
876,876,584870_1368808_2017-06-27_1038_BGRN_Analytic_s0098,159387,159641,10008,160076
877,877,624964_1066622_2017-07-15_0f28_BGRN_Analytic_s0473,16844,17104,1008,15703
878,878,492899_1166117_2017-05-06_1041_BGRN_Analytic_s0726,0,0,0,0
879,879,581200_1368610_2017-06-26_1030_BGRN_Analytic_s0314,32753,33087,2042,32819
880,880,684055_1269313_2017-08-12_0f43_BGRN_Analytic_s0583,12363,12226,727,11325
881,881,592143_1269313_2017-07-01_1006_BGRN_Analytic_s0863,90983,91405,5737,92152
882,882,631880_1066622_2017-07-18_101e_BGRN_Analytic_s0805,148981,149828,9397,150802
883,883,584870_1368808_2017-06-27_1038_BGRN_Analytic_s0422,118096,117874,7401,118885
884,884,603777_1368808_2017-07-06_1041_BGRN_Analytic_s0526,209085,209334,13157,210742
885,885,660571_1269313_2017-08-01_1028_BGRN_Analytic_s0670,206600,207040,13000,208425
886,886,647540_1066622_2017-07-26_0e3a_BGRN_Analytic_s0666,169402,171832,10853,174412
887,887,584870_1368808_2017-06-27_1038_BGRN_Analytic_s0390,155324,156231,9840,158104
888,888,492899_1166117_2017-05-06_1041_BGRN_Analytic_s0876,0,0,0,0
889,889,660535_1066622_2017-08-01_1041_BGRN_Analytic_s0292,182736,183875,11571,185240
890,890,667525_1269014_2017-08-04_1022_BGRN_Analytic_s0291,171908,173188,10846,174054
891,891,570602_1166117_2017-06-22_1013_BGRN_Analytic_s0571,145528,145719,9121,146081
892,892,580411_1368808_2017-06-26_1007_BGRN_Analytic_s0158,40230,39512,2404,38236
893,893,637302_1368610_2017-07-21_0f34_BGRN_Analytic_s0468,113773,113837,7147,114612
894,894,684055_1269313_2017-08-12_0f43_BGRN_Analytic_s0028,10968,9952,582,8891
895,895,682789_1269014_2017-08-10_1018_BGRN_Analytic_s0235,127809,128179,8044,128890
896,896,660535_1066622_2017-08-01_1041_BGRN_Analytic_s0254,213960,216797,13695,219610
897,897,716222_1368610_2017-08-27_0e0f_BGRN_Analytic_s0016,16557,16940,960,14505
898,898,637302_1368610_2017-07-21_0f34_BGRN_Analytic_s0670,169311,168784,10610,169823
899,899,716222_1368610_2017-08-27_0e0f_BGRN_Analytic_s0389,4047,4110,244,3735
900,900,715013_1166017_2017-08-27_1032_BGRN_Analytic_s0061,222368,222186,13984,224287
901,901,624964_1066622_2017-07-15_0f28_BGRN_Analytic_s0608,15568,15120,898,13989
902,902,624964_1066622_2017-07-15_0f28_BGRN_Analytic_s0443,16612,16427,989,15735
903,903,570602_1166117_2017-06-22_1013_BGRN_Analytic_s0605,214808,214918,13469,215711
904,904,716222_1368610_2017-08-27_0e0f_BGRN_Analytic_s0599,0,0,0,0
905,905,570602_1166117_2017-06-22_1013_BGRN_Analytic_s0568,225782,225833,14138,226403
906,906,498793_1166117_2017-05-11_0e14_BGRN_Analytic_s0141,114375,113096,7203,116141
907,907,660571_1269313_2017-08-01_1028_BGRN_Analytic_s0568,216846,217028,13581,217475
908,908,661490_1269014_2017-08-01_1024_BGRN_Analytic_s0733,168173,168074,10551,169276
909,909,647540_1066622_2017-07-26_0e3a_BGRN_Analytic_s0915,150747,152513,9740,157213
910,910,637302_1368610_2017-07-21_0f34_BGRN_Analytic_s0408,30948,30919,1935,30825
911,911,580411_1368808_2017-06-26_1007_BGRN_Analytic_s0690,30604,29954,1830,28630
912,912,624964_1066622_2017-07-15_0f28_BGRN_Analytic_s0843,14593,14784,837,13020
913,913,624964_1066622_2017-07-15_0f28_BGRN_Analytic_s0678,29576,29405,1774,28096
914,914,647540_1066622_2017-07-26_0e3a_BGRN_Analytic_s0926,195317,197059,12391,199173
915,915,590376_1066622_2017-06-30_101a_BGRN_Analytic_s0802,109149,109037,6823,109064
916,916,585726_1269313_2017-06-28_1010_BGRN_Analytic_s0838,201304,201546,12621,202244
917,917,682789_1269014_2017-08-10_1018_BGRN_Analytic_s0182,155880,157018,9845,157932
918,918,503058_1168617_2017-05-14_0e0f_BGRN_Analytic_s0184,0,0,0,0
919,919,684055_1269313_2017-08-12_0f43_BGRN_Analytic_s0003,8039,7982,405,5833
920,920,570602_1166117_2017-06-22_1013_BGRN_Analytic_s0098,229295,229449,14361,229850
921,921,660535_1066622_2017-08-01_1041_BGRN_Analytic_s0860,144606,146429,9271,149570
922,922,660535_1066622_2017-08-01_1041_BGRN_Analytic_s0745,144318,145871,9193,147371
923,923,590376_1066622_2017-06-30_101a_BGRN_Analytic_s0103,116439,117639,7479,120442
924,924,492899_1166117_2017-05-06_1041_BGRN_Analytic_s0564,0,0,0,0
925,925,603777_1368808_2017-07-06_1041_BGRN_Analytic_s0580,161842,162011,10159,162605
926,926,716222_1368610_2017-08-27_0e0f_BGRN_Analytic_s0611,69,68,3,48
927,927,585726_1269313_2017-06-28_1010_BGRN_Analytic_s0786,193461,194736,12263,196872
928,928,581200_1368610_2017-06-26_1030_BGRN_Analytic_s0300,50606,50700,3166,50763
929,929,660535_1066622_2017-08-01_1041_BGRN_Analytic_s1016,181971,184382,11683,187590
930,930,514940_1168617_2017-05-22_102d_BGRN_Analytic_s0522,0,0,0,0
931,931,663913_1269014_2017-08-02_1042_BGRN_Analytic_s0528,166247,167172,10458,167605
932,932,580411_1368808_2017-06-26_1007_BGRN_Analytic_s0769,19108,19123,1202,19123
933,933,492899_1166117_2017-05-06_1041_BGRN_Analytic_s0165,0,0,0,0
934,934,660571_1269313_2017-08-01_1028_BGRN_Analytic_s0783,133084,133467,8402,134812
935,935,660571_1269313_2017-08-01_1028_BGRN_Analytic_s0232,196470,197335,12367,198007
936,936,660535_1066622_2017-08-01_1041_BGRN_Analytic_s0483,91789,92661,5850,93672
937,937,640681_1269014_2017-07-23_1030_BGRN_Analytic_s0235,178320,178475,11203,179743
938,938,660535_1066622_2017-08-01_1041_BGRN_Analytic_s0889,193019,194793,12327,198289
939,939,592143_1269313_2017-07-01_1006_BGRN_Analytic_s0484,1309,1319,79,1279
940,940,584870_1368808_2017-06-27_1038_BGRN_Analytic_s0097,174871,175130,11000,175626
941,941,590376_1066622_2017-06-30_101a_BGRN_Analytic_s0546,76703,78416,4890,77603
942,942,585726_1269313_2017-06-28_1010_BGRN_Analytic_s0351,177919,179220,11260,179973
943,943,492899_1166117_2017-05-06_1041_BGRN_Analytic_s0029,0,0,0,0
944,944,624964_1066622_2017-07-15_0f28_BGRN_Analytic_s0275,7821,7778,453,7109
945,945,584870_1368808_2017-06-27_1038_BGRN_Analytic_s0238,83996,84191,5270,84380
946,946,584870_1368808_2017-06-27_1038_BGRN_Analytic_s0479,14685,14660,915,14564
947,947,622194_1368808_2017-07-14_102d_BGRN_Analytic_s0154,115795,115812,7240,115764
948,948,667525_1269014_2017-08-04_1022_BGRN_Analytic_s0090,181149,182045,11385,182445
949,949,635218_1368610_2017-07-20_1011_BGRN_Analytic_s0145,0,0,0,0
950,950,622194_1368808_2017-07-14_102d_BGRN_Analytic_s0366,113019,114113,7163,114426
951,951,514940_1168617_2017-05-22_102d_BGRN_Analytic_s0727,0,0,0,0
952,952,656866_1269014_2017-07-30_1033_BGRN_Analytic_s0048,27112,27080,1709,27370
953,953,590376_1066622_2017-06-30_101a_BGRN_Analytic_s0349,130293,133114,8370,134137
954,954,663913_1269014_2017-08-02_1042_BGRN_Analytic_s0133,157168,157932,9925,158978
955,955,492899_1166117_2017-05-06_1041_BGRN_Analytic_s0233,0,0,0,0
956,956,622194_1368808_2017-07-14_102d_BGRN_Analytic_s0833,155247,155457,9751,155960
957,957,660571_1269313_2017-08-01_1028_BGRN_Analytic_s0354,139228,139514,8743,140050
958,958,603777_1368808_2017-07-06_1041_BGRN_Analytic_s0750,183404,183784,11540,185038
959,959,631880_1066622_2017-07-18_101e_BGRN_Analytic_s0080,179669,180852,11426,183573
960,960,684055_1269313_2017-08-12_0f43_BGRN_Analytic_s0728,5110,5293,268,4030
961,961,660535_1066622_2017-08-01_1041_BGRN_Analytic_s0779,115013,116571,7369,118049
962,962,498793_1166117_2017-05-11_0e14_BGRN_Analytic_s0403,22312,22522,1310,20277
963,963,624964_1066622_2017-07-15_0f28_BGRN_Analytic_s0575,15005,15132,862,13381
964,964,660535_1066622_2017-08-01_1041_BGRN_Analytic_s0903,107645,107899,6828,109431
965,965,667525_1269014_2017-08-04_1022_BGRN_Analytic_s0212,161482,161969,10124,162069
966,966,715013_1166017_2017-08-27_1032_BGRN_Analytic_s0086,215755,216147,13584,217859
967,967,622194_1368808_2017-07-14_102d_BGRN_Analytic_s0391,177353,178559,11248,180438
968,968,580411_1368808_2017-06-26_1007_BGRN_Analytic_s0389,58350,57486,3523,56147
969,969,503058_1168617_2017-05-14_0e0f_BGRN_Analytic_s0128,0,0,0,0
970,970,661490_1269014_2017-08-01_1024_BGRN_Analytic_s0466,162247,162073,10137,162305
971,971,660571_1269313_2017-08-01_1028_BGRN_Analytic_s0421,151093,151021,9435,151147
972,972,514940_1168617_2017-05-22_102d_BGRN_Analytic_s0466,0,0,0,0
973,973,661490_1269014_2017-08-01_1024_BGRN_Analytic_s0677,114681,114985,7206,115551
974,974,647540_1066622_2017-07-26_0e3a_BGRN_Analytic_s0709,122388,124641,7820,125611
975,975,581200_1368610_2017-06-26_1030_BGRN_Analytic_s0233,122914,123547,7700,123496
976,976,716222_1368610_2017-08-27_0e0f_BGRN_Analytic_s0552,0,0,0,0
977,977,640681_1269014_2017-07-23_1030_BGRN_Analytic_s0462,141067,141623,8872,142010
978,978,631880_1066622_2017-07-18_101e_BGRN_Analytic_s0704,4038,4081,245,3788
979,979,684055_1269313_2017-08-12_0f43_BGRN_Analytic_s0337,9717,10400,529,8400
980,980,656866_1269014_2017-07-30_1033_BGRN_Analytic_s0614,6457,6516,402,6419
981,981,492899_1166117_2017-05-06_1041_BGRN_Analytic_s0403,0,0,0,0
982,982,647540_1066622_2017-07-26_0e3a_BGRN_Analytic_s0791,164197,166201,10588,170404
983,983,592143_1269313_2017-07-01_1006_BGRN_Analytic_s0141,162038,162089,10142,162227
984,984,590376_1066622_2017-06-30_101a_BGRN_Analytic_s0343,144527,146873,9216,147997
985,985,622194_1368808_2017-07-14_102d_BGRN_Analytic_s0130,189774,189569,11855,189577
986,986,667525_1269014_2017-08-04_1022_BGRN_Analytic_s0059,125536,126745,7906,127012
987,987,660571_1269313_2017-08-01_1028_BGRN_Analytic_s0429,197358,198362,12460,199942
988,988,580411_1368808_2017-06-26_1007_BGRN_Analytic_s0793,43521,43572,2731,43745
989,989,580411_1368808_2017-06-26_1007_BGRN_Analytic_s0987,113092,114129,7180,115118
990,990,716222_1368610_2017-08-27_0e0f_BGRN_Analytic_s0586,0,0,0,0
991,991,637302_1368610_2017-07-21_0f34_BGRN_Analytic_s0483,129875,130121,8196,131082
992,992,492899_1166117_2017-05-06_1041_BGRN_Analytic_s0509,0,0,0,0
993,993,585726_1269313_2017-06-28_1010_BGRN_Analytic_s0738,154814,155345,9763,156426
994,994,603777_1368808_2017-07-06_1041_BGRN_Analytic_s0711,157349,159005,9931,158932
995,995,693353_1066622_2017-08-17_1032_BGRN_Analytic_s0071,187362,190028,12105,195072
996,996,660535_1066622_2017-08-01_1041_BGRN_Analytic_s1004,173955,175174,11154,179655
997,997,584870_1368808_2017-06-27_1038_BGRN_Analytic_s0136,73354,73388,4579,73639
998,998,585726_1269313_2017-06-28_1010_BGRN_Analytic_s0414,134206,134585,8446,135150
999,999,663913_1269014_2017-08-02_1042_BGRN_Analytic_s0167,168506,169609,10655,170418
